"1","Aeropuerto de Batten","AZI","0000"
"2","Aeropuerto Internacional Al Ain","AAN","0000"
"3","Base aérea Al Ddafra","DHF","0000"
"4","Aeropuerto Internacional Dubai","DXB","0000"
"5","Base Aérea Al Minhad","NHD","0000"
"6","Aeropuerto Internacional Al Maktoum","DWC","0000"
"7","Aeropuerto Internacional Fujairah","FJR","0000"
"8","Aeropuerto Internacional Ras Al Khaimah","RKT","0000"
"9","Aeropuerto Internacional Sharjah","SHJ","0000"
"10","Aeropuerto de Herat","HEA","0000"
"11","Base Aérea Bagram","OAI","0000"
"12","Aeropuerto Internacional Hamid Karzai","KBL","0000"
"13","Aeropuerto de Kandahar","KDH","0000"
"14","Aeropuerto de Mazar I Sharif","MZR","0000"
"15","Base Aérea Camp Bastion","OAZ","0000"
"16","Aeropuerto Internacional V.C. Bird","ANU","0000"
"17","Aeropuerto Internacional Clayton J Lloyd","AXA","0000"
"18","Aeropuerto Internacional Tirana Madre Teresa","TIA","0000"
"19","Aeropuerto Internacional Zvartnots","EVN","0000"
"20","Aeropuerto Benguela","BUG","0000"
"21","Aeropuerto Cabinda","CAB","0000"
"22","Aeropuerto Cuatro de Febrero","LAD","0000"
"23","Aeropuerto Internacional Rosario Islas Malvinas","ROS","0000"
"24","Aeroparque Jorge Newbery","AEP","0000"
"25","Aeropuerto Internacional Ingeniero Ambrosio Taravella","COR","0000"
"26","Aeroparque El Palomar","EPA","0000"
"27","Aeropuerto Internacional Ministro Pistarini","EZE","0000"
"28","Aeroparque El Plumerillo","MDZ","0000"
"29","Aeropuerto Internacional Termas de Río Hondo","RHD","0000"
"30","Aeropuerto Teniente Benjamin Matienzo","TUC","0000"
"31","Aeropuerto Villa Reynolds","VME","0000"
"32","Aeropuerto Internacional Resistencia","RES","0000"
"33","Aeropuerto Internacional Cataratas Del Iguazú","IGR","0000"
"34","Aeropuerto Internacional Martin Miguel De Guemes","SLA","0000"
"35","Aeropuerto D. Casimiro Szlapelis","ARR","0000"
"36","Aeropuerto Malvinas Argentinas","USH","0000"
"37","Aeropuerto Olavarria","OVR","0000"
"38","Aeropuerto Presidente Peron","NQN","0000"
"39","Aeropuerto San Carlos De Bariloche","BRC","0000"
"40","Aeropuerto Aviador C. Campos","CPC","0000"
"41","Aeropuerto de Graz","GRZ","0000"
"42","Aeropuerto de Innsbruck","INN","0000"
"43","Aeropuerto de Klagenfurt","KLU","0000"
"44","Aeropuerto de Linz Hörsching","LNZ","0000"
"45","Aeropuerto de Salzburgo","SZG","0000"
"46","Aeropuerto Internacional Viena","VIE","0000"
"47","Aeropuerto de Brisbane","BNE","0000"
"48","Aeropuerto de Broken Hill","BHQ","0000"
"49","Aeropuerto de Geraldton","GET","0000"
"50","Aeropuerto de Glenormiston","GLM","0000"
"51","Aeropuerto de Lakefield","LFP","0000"
"52","Aeropuerto de Avalon","AVV","0000"
"53","Aeropuerto Internacional Melbourne","MEL","0000"
"54","Aeropuerto de Nullabor Motel","NUR","0000"
"55","Aeropuerto Internacional Adelaide","ADL","0000"
"56","Aeropuerto de Learmonth","LEA","0000"
"57","Aeropuerto Internacional Perth","PER","0000"
"58","Aeropuerto Internacional Sydney Kingsford Smith","SYD","0000"
"59","Aeropuerto Internacional Reina Beatrix","AUA","0000"
"60","Aeropuerto Internacional Heydar Aliyev","GYD","0000"
"61","Aeropuerto de Ganja","KVD","0000"
"62","Aeropuerto Internacional Lankaran","LLK","0000"
"63","Aeropuerto Internacional Sarajevo","SJJ","0000"
"64","Aeropuerto Internacional Tuzla","TZL","0000"
"65","Aeropuerto Internacional Sir Grantley Adams","BGI","0000"
"66","Aeropuerto Internacional Hazrat Shahjalal","DAC","0000"
"67","Aeropuerto Internacional Osmany","ZYL","0000"
"68","Aeropuerto Internacional Antwerp Deurne","ANR","0000"
"69","Aeropuerto de Brussels","BRU","0000"
"70","Aeropuerto Brussels South Charleroi","CRL","0000"
"71","Aeropuerto de Wevelgem","KJK","0000"
"72","Aeropuerto de Liège Airport","LGG","0000"
"73","Aeropuerto Internacional Ostend-Bruges","OST","0000"
"74","Aeropuerto de Arly","ARL","0000"
"75","Aeropuerto de Ouagadougou","OUA","0000"
"76","Aeropuerto de Bobo Dioulasso","BOY","0000"
"77","Aeropuerto Internacional Burgas","BOJ","0000"
"78","Aeropuerto de Gorna Oryahovitsa","GOZ","0000"
"79","Aeropuerto Internacional Plovdiv","PDV","0000"
"80","Aeropuerto de Sofia","SOF","0000"
"81","Aeropuerto de Varna","VAR","0000"
"82","Aeropuerto Internacional Baréin","BAH","0000"
"83","Aeropuerto Internacional Bujumbura","BJM","0000"
"84","Aeropuerto de Cadjehoun","COO","0000"
"85","Aeropuerto Internacional L.F. Wade","BDA","0000"
"86","Aeropuerto Internacional Brunei","BWN","0000"
"87","Aeropuerto de Bermejo","BJO","0000"
"88","Aeropuerto Internacional El Alto","LPB","0000"
"89","Aeropuerto de Capitan Oriel Lea Plaza","TJA","0000"
"90","Aeropuerto Internacional Viru Viru","VVI","0000"
"91","Aeropuerto Internacional de Belém","BEL","0000"
"92","Aeropuerto de Pampulha - Carlos Drummond de Andrade","PLU","0000"
"93","Aeropuerto de Bacacheri","BFH","0000"
"94","Aeropuerto Internacional Presidente Juscelino Kubistschek","BSB","0000"
"95","Aeropuerto de Cabo Frio","CFB","0000"
"96","Aeropuerto Internacional Tancredo Neves","CNF","0000"
"97","Aeropuerto de Campo Grande","CGR","0000"
"98","Aeropuerto de Afonso Pena","CWB","0000"
"99","Aeropuerto Internacional Eduardo Gomes","MAO","0000"
"100","Aeropuerto Internacional Cataratas","IGU","0000"
"101","Aeropuerto Internacional Hercílio Luz","FLN","0000"
"102","Aeropuerto Internacional Pinto Martins","FOR","0000"
"103","Aeropuerto Internacional Rio Galeão – Tom Jobim","GIG","0000"
"104","Aeropuerto Internacional Guarulhos - Gobernador André Franco Montoro","GRU","0000"
"105","Aeropuerto Internacional Viracopos","VCP","0000"
"106","Aeropuerto de Zumbi dos Palmares","MCZ","0000"
"107","Aeropuerto de Salgado Filho","POA","0000"
"108","Aeropuerto de Senador Nilo Coelho","PNZ","0000"
"109","Aeropuerto de Porto Seguro","BPS","0000"
"110","Aeropuerto Internacional Guararapes - Gilberto Freyre","REC","0000"
"111","Aeropuerto de Santos Dumont","SDU","0000"
"112","Aeropuerto Internacional Gobernador Aluízio Alves","NAT","0000"
"113","Aeropuerto de Professor Urbano Ernesto Stumpf","SJK","0000"
"114","Aeropuerto Internacional Marechal Cunha Machado","SLZ","0000"
"115","Aeropuerto de Congonhas","CGH","0000"
"116","Aeropuerto Internacional Deputado Luiz Eduardo Magalhães","SSA","0000"
"117","Aeropuerto de Rio Grande","RIG","0000"
"118","Aeropuerto New Bight","TBI","0000"
"119","Aeropuerto North Eleuthera","ELH","0000"
"120","Aeropuerto Rock Sound","RSD","0000"
"121","Aeropuerto Internacional Grand Bahama","FPO","0000"
"122","Aeropuerto Internacional Lynden Pindling","NAS","0000"
"123","Aeropuerto de San Salvador","ZSA","0000"
"124","Aeropuerto de Francistown","FRW","0000"
"125","Aeropuerto de Maun","MUB","0000"
"126","Aeropuerto Internacional Sir Seretse Khama","GBE","0000"
"127","Aeropuerto de Brest","BQT","0000"
"128","Aeropuerto de Gomel","GME","0000"
"129","Aeropuerto de Minsk 1","MHP","0000"
"130","Aeropuerto Nacional de Minsk","MSQ","0000"
"131","Aeropuerto de Mogilev","MVQ","0000"
"132","Aeropuerto Internacional Philip S. W. Goldson","BZE","0000"
"133","Aeropuerto de Tungsten (Cantung)","TNS","0000"
"134","Base Aérea CFB Bagotville","YBG","0000"
"135","Aeropuerto Internacional Edmonton","YEG","0000"
"136","Aeropuerto de Iqaluit","YFB","0000"
"137","Aeropuerto Internacional John C. Munro Hamilton","YHM","0000"
"138","Aeropuerto de Montréal / Saint-Hubert","YHU","0000"
"139","Aeropuerto Internacional Halifax / Stanfield","YHZ","0000"
"140","Aeropuerto de Stephenville","YJT","0000"
"141","Aeropuerto Internacional Montreal Mirabel","YMX","0000"
"142","Aeropuerto de Ottawa / Gatineau","YND","0000"
"143","Base Aérea (CFB) Cold Lake","YOD","0000"
"144","Aeropuerto Internacional Ottawa Macdonald-Cartier","YOW","0000"
"145","Aeropuerto Internacional Quebec Jean Lesage","YQB","0000"
"146","Aeropuerto de Windsor","YQG","0000"
"147","Aeropuerto Internacional Greater Moncton International Airport","YQM","0000"
"148","Aeropuerto Internacional Gander","YQX","0000"
"149","Base Aérea (CFB) Trenton","YTR","0000"
"150","Aeropuerto de Billy Bishop Toronto City Centre","YTZ","0000"
"151","Aeropuerto Internacional Montreal / Pierre Elliott Trudeau","YUL","0000"
"152","Aeropuerto Internacional Vancouver","YVR","0000"
"153","Aeropuerto Internacional Winnipeg / James Armstrong Richardson","YWG","0000"
"154","Aeropuerto Regional de Earlton - Timiskaming","YXR","0000"
"155","Aeropuerto de London","YXU","0000"
"156","Aeropuerto Internacional Calgary","YYC","0000"
"157","Aeropuerto de Goose Bay","YYR","0000"
"158","Aeropuerto Internacional St. John's","YYT","0000"
"159","Aeropuerto Internacional Lester B. Pearson","YYZ","0000"
"160","Aeropuerto de Port Hardy","YZT","0000"
"161","Aeropuerto Internacional Ndjili","FIH","0000"
"162","Aeropuerto Internacional Goma","GOM","0000"
"163","Aeropuerto Internacional Bangui M'Poko","BGF","0000"
"164","Aeropuerto Internacional Maya-Maya Airport","BZV","0000"
"165","Aeropuerto Internacional Pointe Noire Airport","PNR","0000"
"166","Aeropuerto Internacional Geneva Cointrin","GVA","0000"
"167","Aeropuerto de Lausanne-Blécherette","QLS","0000"
"168","Aeropuerto de Neuchatel","QNC","0000"
"169","Aeropuerto de Sion","SIR","0000"
"170","Base Aérea Emmen","EML","0000"
"171","Aeropuerto de Lugano","LUG","0000"
"172","Aeropuerto de Bern Belp","BRN","0000"
"173","Aeropuerto de Buochs","BXO","0000"
"174","Aeropuerto de Grenchen","ZHI","0000"
"175","Aeropuerto de Zürich","ZRH","0000"
"176","Aeropuerto de Locarno","ZJI","0000"
"177","Aeropuerto de St Gallen Altenrhein","ACH","0000"
"178","Aeropuerto de Samedan","SMV","0000"
"179","Aeropuerto de Port Bouet","ABJ","0000"
"180","Aeropuerto de Yamoussoukro","ASK","0000"
"181","Aeropuerto de Balmaceda","BBA","0000"
"182","Aeropuerto El Loa","CJC","0000"
"183","Aeropuerto de Pdte. Carlos Ibañez del Campo","PUQ","0000"
"184","Aeropuerto de Diego Aracena","IQQ","0000"
"185","Aeropuerto Internacional Comodoro Arturo Merino Benítez","SCL","0000"
"186","Aeropuerto de Carriel Sur","CCP","0000"
"187","Aeropuerto de Maquehue","PZS","0000"
"188","Aeropuerto Internacional Douala","DLA","0000"
"189","Aeropuerto Internacional Garoua","GOU","0000"
"190","Aeropuerto de Yaoundé","YAO","0000"
"191","Aeropuerto Internacional Yaoundé Nsimalen","NSI","0000"
"192","Aeropuerto Internacional Macau","MFM","0000"
"193","Aeropuerto Internacional Beijing Capital","PEK","0000"
"194","Aeropuerto de Ordos Ejin Horo","DSN","0000"
"195","Aeropuerto de Beijing Nanyuan","NAY","0000"
"196","Aeropuerto Internacional Shijiazhuang Daguocun","SJW","0000"
"197","Aeropuerto Internacional Tianjin Binhai","TSN","0000"
"198","Aeropuerto Internacional Guangzhou Baiyun","CAN","0000"
"199","Aeropuerto de Nanning Wuxu","NNG","0000"
"200","Aeropuerto Internacional Jieyang Chaoshan","SWA","0000"
"201","Aeropuerto Internacional Shenzhen Bao'an","SZX","0000"
"202","Aeropuerto Internacional Zhengzhou Xinzheng","CGO","0000"
"203","Aeropuerto Internacional Wuhan Tianhe","WUH","0000"
"204","Aeropuerto Internacional Haikou Meilan","HAK","0000"
"205","Aeropuerto de Xi'an Xiguan","SIA","0000"
"206","Aeropuerto Internacional Xi'an Xianyang","XIY","0000"
"207","Aeropuerto Internacional Xiamen Gaoqi","XMN","0000"
"208","Aeropuerto Internacional Hangzhou Xiaoshan","HGH","0000"
"209","Aeropuerto de Yaoqiang","TNA","0000"
"210","Aeropuerto Internacional Ningbo Lishe","NGB","0000"
"211","Aeropuerto de Nanjing Lukou","NKG","0000"
"212","Aeropuerto Internacional Hefei Xinqiao","HFE","0000"
"213","Aeropuerto Internacional Shanghai Pudong","PVG","0000"
"214","Aeropuerto de Liuting","TAO","0000"
"215","Base Aérea Rugao","RUG","0000"
"216","Aeropuerto Internacional Shanghai Hongqiao","SHA","0000"
"217","Aeropuerto Internacional Sunan Shuofang","WUX","0000"
"218","Aeropuerto Internacional Wenzhou Longwan","WNZ","0000"
"219","Aeropuerto de Yantai Laishan","YNT","0000"
"220","Aeropuerto Internacional Chongqing Jiangbei","CKG","0000"
"221","Aeropuerto Internacional Chengdu Shuangliu","CTU","0000"
"222","Aeropuerto Internacional Ürümqi Diwopu","URC","0000"
"223","Aeropuerto de Longjia","CGQ","0000"
"224","Aeropuerto de Chaoyang","CHG","0000"
"225","Aeropuerto de Taiping","HRB","0000"
"226","Aeropuerto de Zhoushuizi","DLC","0000"
"227","Aeropuerto de Taoxian","SHE","0000"
"228","Aeropuerto de Alcides Fernández","ACD","0000"
"229","Aeropuerto Internacional El Dorado","BOG","0000"
"230","Aeropuerto Internacional Ernesto Cortissoz","BAQ","0000"
"231","Aeropuerto Internacional Camilo Daza","CUC","0000"
"232","Aeropuerto Internacional Rafael Nuñez","CTG","0000"
"233","Aeropuerto Internacional Alfonso Bonilla Aragon","CLO","0000"
"234","Aeropuerto Internacional Jose Maria Córdova","MDE","0000"
"235","Aeropuerto de El Yopal","EYP","0000"
"236","Aeropuerto de Barra del Colorado","BCL","0000"
"237","Aeropuerto Internacional Daniel Oduber Quiros","LIR","0000"
"238","Aeropuerto Internacional Juan Santamaria","SJO","0000"
"239","Aeropuerto Internacional Tobias Bolanos","SYQ","0000"
"240","Aeropuerto de Maximo Gomez","AVI","0000"
"241","Aeropuerto Internacional Vilo Acuña","CYO","0000"
"242","Aeropuerto Internacional Antonio Maceo","SCU","0000"
"243","Aeropuerto Internacional José Martí","HAV","0000"
"244","Aeropuerto Internacional Frank Pais","HOG","0000"
"245","Aeropuerto de Abel Santamaria","SNU","0000"
"246","Aeropuerto Internacional Juan Gualberto Gomez","VRA","0000"
"247","Aeropuerto Internacional Amílcar Cabral","SID","0000"
"248","Aeropuerto de Agostinho Neto","NTO","0000"
"249","Aeropuerto de Rabil","BVC","0000"
"250","Aeropuerto Internacional Praia","RAI","0000"
"251","Aeropuerto de São Pedro","VXE","0000"
"252","Aeropuerto Internacional Ercan","ECN","0000"
"253","Aeropuerto Internacional Larnaca","LCA","0000"
"254","Aeropuerto Internacional Paphos","PFO","0000"
"255","Base Aérea de Akrotiri","AKT","0000"
"256","Aeropuerto de Kunovice","UHE","0000"
"257","Aeropuerto Internacional Karlovy Vary","KLV","0000"
"258","Aeropuerto de Ostrava Leos Janácek","OSR","0000"
"259","Aeropuerto de Pardubice","PED","0000"
"260","Aeropuerto de Václav Havel Prague","PRG","0000"
"261","Aeropuerto de Brno-Turany","BRQ","0000"
"262","Aeropuerto de Vodochody","VOD","0000"
"263","Aeropuerto de Zabreh Ostrava","ZBE","0000"
"264","Aeropuerto de Altenburg-Nobitz","AOC","0000"
"265","Aeropuerto de Heringsdorf","HDF","0000"
"266","Aeropuerto de Cochstedt","CSO","0000"
"267","Aeropuerto de Barth","BBH","0000"
"268","Aeropuerto de Magdeburg-City","ZMG","0000"
"269","Aeropuerto de Neubrandenburg","FNB","0000"
"270","Aeropuerto de Cottbus-Drewitz","CBU","0000"
"271","Aeropuerto de Rügen","GTI","0000"
"272","Aeropuerto Internacional Berlin Brandenburg","BER","0000"
"273","Aeropuerto Internacional Berlin-Schönefeld","SXF","0000"
"274","Aeropuerto de Dresden","DRS","0000"
"275","Aeropuerto de Erfurt","ERF","0000"
"276","Aeropuerto de Frankfurt am Main","FRA","0000"
"277","Aeropuerto de Münster Osnabrück","FMO","0000"
"278","Aeropuerto de Hamburg","HAM","0000"
"279","Aeropuerto Internacional Berlin-Tempelhof","THF","0000"
"280","Aeropuerto de Cologne Bonn","CGN","0000"
"281","Aeropuerto de Düsseldorf","DUS","0000"
"282","Aeropuerto de Munich","MUC","0000"
"283","Aeropuerto de Nuremberg","NUE","0000"
"284","Aeropuerto de Leipzig/Halle","LEJ","0000"
"285","Aeropuerto de Saarbrücken","SCN","0000"
"286","Aeropuerto de Stuttgart","STR","0000"
"287","Aeropuerto de Berlin-Tegel","TXL","0000"
"288","Aeropuerto de Hannover","HAJ","0000"
"289","Aeropuerto de Bremen","BRE","0000"
"290","Aeropuerto de Frankfurt-Egelsbach","QEF","0000"
"291","Aeropuerto de Frankfurt-Hahn","HHN","0000"
"292","Aeropuerto de Mannheim-City","MHG","0000"
"293","Aeropuerto de Eisenach-Kindel","EIB","0000"
"294","Aeropuerto de Siegerland","SGE","0000"
"295","Aeropuerto de Hamburg-Finkenwerder","XFW","0000"
"296","Aeropuerto de Kiel-Holtenau","KEL","0000"
"297","Aeropuerto de Lübeck Blankensee","LBC","0000"
"298","Aeropuerto de Neumünster","EUM","0000"
"299","Aeropuerto de Memmingen Allgau","FMM","0000"
"300","Aeropuerto de Aachen-Merzbrück","AAH","0000"
"301","Aeropuerto de Bonn-Hangelar","BNJ","0000"
"302","Aeropuerto de Essen Mulheim","ESS","0000"
"303","Aeropuerto de Mönchengladbach","MGL","0000"
"304","Aeropuerto de Paderborn Lippstadt","PAD","0000"
"305","Aeropuerto de Weeze","NRN","0000"
"306","Aeropuerto de Dortmund","DTM","0000"
"307","Aeropuerto de Augsburg","AGB","0000"
"308","Aeropuerto de Oberpfaffenhofen","OBF","0000"
"309","Aeropuerto de Straubing","RBM","0000"
"310","Aeropuerto de Friedrichshafen","FDH","0000"
"311","Aeropuerto de Schwerin Parchim","SZW","0000"
"312","Aeropuerto de Bayreuth","BYU","0000"
"313","Aeropuerto de Giebelstadt","GHF","0000"
"314","Aeropuerto de Hof-Plauen","HOQ","0000"
"315","Base Aérea Bitburg","BBJ","0000"
"316","Aeropuerto de Zweibrücken","ZQW","0000"
"317","Aeropuerto de Karlsruhe Baden-Baden","FKB","0000"
"318","Aeropuerto de Donaueschingen-Villingen","ZQL","0000"
"319","Aeropuerto de Lahr","LHA","0000"
"320","Aeropuerto de Braunschweig-Wolfsburg","BWE","0000"
"321","Aeropuerto de Kassel-Calden","KSF","0000"
"322","Aeropuerto de Bremerhaven","BRV","0000"
"323","Aeropuerto de Lemwerder","XLW","0000"
"324","Aeropuerto de Emden","EME","0000"
"325","Aeropuerto de Wangerooge","AGE","0000"
"326","Aeropuerto de Wilhelmshaven-Mariensiel","WVN","0000"
"327","Aeropuerto de Juist","JUI","0000"
"328","Aeropuerto de Langeoog","LGO","0000"
"329","Aeropuerto de Borkum","BMK","0000"
"330","Aeropuerto de Norden-Norddeich","NOD","0000"
"331","Aeropuerto de Norderney","NRD","0000"
"332","Aeropuerto de Heide-Büsum","HEI","0000"
"333","Aeropuerto de Flensburg-Schäferhaus","FLF","0000"
"334","Aeropuerto de Helgoland-Düne","HGL","0000"
"335","Aeropuerto de St. Peter-Ording","PSH","0000"
"336","Aeropuerto de Westerland Sylt","GWT","0000"
"337","Aeropuerto de Wyk auf Föhr","OHR","0000"
"338","Base Aérea Spangdahlem","SPM","0000"
"339","Base Aérea Ramstein","RMS","0000"
"340","Helipuerto Militar Heidelberg","HDB","0000"
"341","Base Aérea Naval Nordholz","FCN","0000"
"342","Base Aérea Geilenkirchen","GKE","0000"
"343","Aeropuerto de Rostock-Laage","RLG","0000"
"344","Base Aérea Schleswig","WBG","0000"
"345","Base Aérea Wiesbaden","WIE","0000"
"346","Aeropuerto de Ingolstadt Manching","IGS","0000"
"347","Base Aérea Gütersloh","GUT","0000"
"348","Aeropuerto de Djibouti-Ambouli","JIB","0000"
"349","Aeropuerto de Aarhus","AAR","0000"
"350","Aeropuerto de Billund","BLL","0000"
"351","Aeropuerto Internacional Copenhagen Kastrup","CPH","0000"
"352","Aeropuerto de Esbjerg","EBJ","0000"
"353","Aeropuerto de Karup","KRP","0000"
"354","Aeropuerto de Odense","ODE","0000"
"355","Aeropuerto de Copenhagen Roskilde","RKE","0000"
"356","Aeropuerto de Bornholm","RNN","0000"
"357","Aeropuerto de Sonderborg","SGD","0000"
"358","Aeropuerto de Sindal","CNL","0000"
"359","Base Aérea Skrydstrup","SKS","0000"
"360","Aeropuerto de Skive","SQW","0000"
"361","Aeropuerto de Thisted","TED","0000"
"362","Aeropuerto de Vagar","FAE","0000"
"363","Aeropuerto de Stauning","STA","0000"
"364","Aeropuerto de Aalborg","AAL","0000"
"365","Aeropuerto de Canefield","DCF","0000"
"366","Aeropuerto de Douglas-Charles","DOM","0000"
"367","Aeropuerto Internacional Samaná El Catey","AZS","0000"
"368","Aeropuerto de Herrera","HEX","0000"
"369","Aeropuerto Internacional Casa De Campo","LRM","0000"
"370","Aeropuerto Internacional Punta Cana","PUJ","0000"
"371","Aeropuerto Internacional Gregorio Luperon","POP","0000"
"372","Aeropuerto Internacional Las Américas","SDQ","0000"
"373","Aeropuerto de Soummam","BJA","0000"
"374","Aeropuerto de Houari Boumediene","ALG","0000"
"375","Aeropuerto de Ain Arnat","QSF","0000"
"376","Aeropuerto de Aguenar – Hadj Bey Akhamok","TMR","0000"
"377","Aeropuerto de Rabah Bitat","AAE","0000"
"378","Aeropuerto Internacional Mohamed Boudiaf","CZL","0000"
"379","Aeropuerto de Batna","BLJ","0000"
"380","Aeropuerto de Tindouf","TIN","0000"
"381","Aeropuerto de Zenata – Messali El Hadj","TLM","0000"
"382","Aeropuerto de Es Senia","ORN","0000"
"383","Aeropuerto de Noumérat - Moufdi Zakaria","GHA","0000"
"384","Aeropuerto de Oued Irara","HME","0000"
"385","Aeropuerto de Ain el Beida","OGX","0000"
"386","Aeropuerto de In Aménas","IAM","0000"
"387","Aeropuerto Internacional José Joaquín de Olmedo","GYE","0000"
"388","Aeropuerto Internacional Cotopaxi","LTX","0000"
"389","Aeropuerto Internacional Mariscal Sucre","UIO","0000"
"390","Aeropuerto de Kärdla","KDL","0000"
"391","Aeropuerto de Kuressaare","URE","0000"
"392","Aeropuerto de Pärnu","EPU","0000"
"393","Aeropuerto de Lennart Meri Tallinn","TLL","0000"
"394","Aeropuerto de Tartu","TAY","0000"
"395","Aeropuerto Internacional El Alamein","DBB","0000"
"396","Aeropuerto Internacional El Arish","AAC","0000"
"397","Aeropuerto Internacional Borg El Arab","HBE","0000"
"398","Aeropuerto Internacional Cairo","CAI","0000"
"399","Aeropuerto Internacional Hurghada","HRG","0000"
"400","Aeropuerto Internacional Luxor","LXR","0000"
"401","Aeropuerto Internacional Marsa Alam","RMF","0000"
"402","Aeropuerto Internacional Sharm El Sheikh","SSH","0000"
"403","Aeropuerto Internacional Aswan","ASW","0000"
"404","Aeropuerto Internacional Taba","TCP","0000"
"405","Aeropuerto Internacional Asmara","ASM","0000"
"406","Aeropuerto de Fuerteventura","FUE","35017"
"407","Aeropuerto de La Gomera","GMZ","38003"
"408","Aeropuerto de Hierro","VDE","38048"
"409","Aeropuerto de La Palma","SPC","38053"
"410","Aeropuerto de Gran Canaria","LPA","35026"
"411","Aeropuerto de Lanzarote","ACE","35018"
"412","Aeropuerto de Tenerife South","TFS","38017"
"413","Aeropuerto de Tenerife Norte","TFN","38023"
"414","Aeropuerto de Melilla","MLN","52001"
"415","Aeropuerto de Albacete-Los Llanos","ABC","02003"
"416","Aeropuerto Internacional de Alicante","ALC","03065"
"417","Aeropuerto Internacional de Almería","LEI","04013"
"418","Aeropuerto de Asturias","OVD","33016"
"419","Aeropuerto de Córdoba","ODB","14021"
"420","Aeropuerto de Bilbao","BIO","48904"
"421","Aeropuerto de Burgos","RGS","09059"
"422","Aeropuerto Internacional de Barcelona","BCN","08169"
"423","Aeropuerto de Badajoz","BJZ","06015"
"424","Aeropuerto de Castellón-Costa Azahar","CDT","12132"
"425","Aeropuerto de A Coruña","LCG","15031"
"426","Aeropuerto de Cuatro Vientos","ECV","28079"
"427","Aeropuerto de Lleida-Alguaire","ILD","25016"
"428","Aeropuerto de Federico Garcia Lorca","GRX","18059"
"429","Aeropuerto de Huesca/Pirineos","HSK","22015"
"430","Aeropuerto de Ibiza","IBZ","07048"
"431","Aeropuerto de Jerez","XRY","11020"
"432","Aeropuerto de San Javier","MJV","30035"
"433","Aeropuerto de Sabadell","QSA","08187"
"434","Aeropuerto de Leon","LEN","24189"
"435","Aeropuerto de Adolfo Suárez Madrid–Barajas","MAD","28079"
"436","Aeropuerto de Málaga","AGP","29067"
"437","Aeropuerto de Menorca","MAH","07032"
"438","Aeropuerto Internacional Región de Murcia","RMU","30030"
"439","Base Aérea Moron","OZP","41011"
"440","Aeropuerto de Palma De Mallorca","PMI","07040"
"441","Aeropuerto de Pamplona","PNA","31088"
"442","Aeropuerto de Logroño-Agoncillo","RJL","26002"
"443","Aeropuerto de Ciudad Real Central","CQM","13034"
"444","Aeropueto de  Reus","REU","43123"
"445","Base Aérea Rota Naval","ROZ","11030"
"446","Aeropuerto de Salamanca","SLM","37175"
"447","Aeropuerto de San Sebastian","EAS","20036"
"448","Aeropuerto de Santiago de Compostela","SCQ","15078"
"449","Aeropuerto de Pirineus - la Seu d'Urgel","LEU","25140"
"450","Aeropuerto de Teruel","TEV","44216"
"451","Aeropuerto de Torrejón","TOJ","28148"
"452","Aeropuerto de Valencia","VLC","46159"
"453","Aeropuerto de Valladolid","VLL","47217"
"454","Aeropuerto de Vitoria/Foronda","VIT","01059"
"455","Aeropuerto de Vigo","VGO","36057"
"456","Aeropuerto de Santander","SDR","39016"
"457","Base Aérea Zaragoza","ZAZ","50297"
"458","Aeropuerto de Sevilla","SVQ","41091"
"459","Aeropuerto Internacional Addis Ababa Bole","ADD","0000"
"460","Aeropuerto de Bahir Dar","BJR","0000"
"461","Aeropuerto de Enontekio","ENF","0000"
"462","Aeropuerto de Halli","KEV","0000"
"463","Aeropuerto de Helsinki Malmi","HEM","0000"
"464","Aeropuerto de Helsinki Vantaa","HEL","0000"
"465","Aeródromo de Hyvinkää","HYV","0000"
"466","Aeropuerto de Ivalo","IVL","0000"
"467","Aeropuerto de Joensuu","JOE","0000"
"468","Aeropuerto de Jyvaskyla","JYV","0000"
"469","Aeropuerto de Kauhava","KAU","0000"
"470","Aeropuerto de Kemi-Tornio","KEM","0000"
"471","Aeropuerto de Kajaani","KAJ","0000"
"472","Aeropuerto de Kokkola-Pietarsaari","KOK","0000"
"473","Aeropuerto de Kuusamo","KAO","0000"
"474","Aeropuerto de Kittilä","KTT","0000"
"475","Aeropuerto de Kuopio","KUO","0000"
"476","Aeropuerto de Lahti Vesivehmaa","QLF","0000"
"477","Aeropuerto de Lappeenranta","LPP","0000"
"478","Aeropuerto de Mariehamn","MHQ","0000"
"479","Aeropuerto de Mikkeli","MIK","0000"
"480","Aeropuerto de Oulu","OUL","0000"
"481","Aeropuerto de Pori","POR","0000"
"482","Aeropuerto de Rovaniemi","RVN","0000"
"483","Aeropuerto de Savonlinna","SVL","0000"
"484","Aeropuerto de Seinäjoki","SJY","0000"
"485","Aeropuerto de Sodankyla","SOT","0000"
"486","Aeropuerto de Tampere-Pirkkala","TMP","0000"
"487","Aeropuerto de Turku","TKU","0000"
"488","Base Aérea Utti","UTI","0000"
"489","Aeropuerto de Vaasa","VAA","0000"
"490","Aeropuerto de Varkaus","VRK","0000"
"491","Aeródromo de Ylivieska","YLI","0000"
"492","Aeródromo de Levuka","LEV","0000"
"493","Aeropuerto Internacional Dzaoudzi Pamandzi","DZA","0000"
"494","Aeropuerto de Roland Garros","RUN","0000"
"495","Aeropuerto de Pierrefonds","ZSE","0000"
"496","Aeropuerto de St Aubin","DPE","0000"
"497","Aeropuerto de Calais-Dunkerque","CQF","0000"
"498","Aeropuerto de Albert-Bray","BYF","0000"
"499","Aeropuerto de Le Touquet-Côte d'Opale","LTQ","0000"
"500","Aeropuerto de Valenciennes-Denain","XVS","0000"
"501","Aeropuerto de Agen-La Garenne","AGF","0000"
"502","Aeropuerto de Burdeos-Mérignac","BOD","0000"
"503","Aeropuerto de Bergerac-Roumanière","EGC","0000"
"504","Base Aérea Cognac-Châteaubernard (BA 709)","CNG","0000"
"505","Aeropuerto de La Rochelle-Île de Ré","LRH","0000"
"506","Aeropuerto de Poitiers-Biard","PIS","0000"
"507","Aeropuerto de Montluçon-Guéret","MCU","0000"
"508","Aeropuerto de Limoges","LIG","0000"
"509","Aeropuerto de Niort-Souché","NIT","0000"
"510","Aeropuerto de Toulouse-Blagnac","TLS","0000"
"511","Aeropuerto de Pau Pyrénées","PUF","0000"
"512","Aeropuerto de Tarbes-Lourdes-Pyrénées","LDE","0000"
"513","Aeropuerto de Angoulême-Brie-Champniers","ANG","0000"
"514","Aeropuerto de Périgueux-Bassillac","PGX","0000"
"515","Aeropuerto de Biarritz-Anglet-Bayonne","BIQ","0000"
"516","Aeropuerto de Cahors-Lalbenque","ZAO","0000"
"517","Aeropuerto de Albi-Le Séquestre","LBI","0000"
"518","Aeropuerto de Castres-Mazamet","DCM","0000"
"519","Aeropuerto de Rodez-Marcillac","RDZ","0000"
"520","Aeropuerto de Royan-Médis","RYN","0000"
"521","Aeropuerto de Rochefort-Saint-Agnant (BA 721)","RCO","0000"
"522","Aeropuerto de Île d'Yeu","IDY","0000"
"523","Aeropuerto de Colmar-Houssen","CMR","0000"
"524","Aeropuerto de Dole-Tavaux","DLE","0000"
"525","Aeropuerto de Aubenas-Ardèche Méridional","OBS","0000"
"526","Aeropuerto de Le Puy-Loudes","LPY","0000"
"527","Aeropuerto de Metz-Nancy-Lorraine","ETZ","0000"
"528","Aeropuerto de Angers-Loire","ANE","0000"
"529","Aeropuerto de Bastia-Poretta","BIA","0000"
"530","Aeropuerto de Calvi-Sainte-Catherine","CLY","0000"
"531","Aeropuerto de Figari Sud-Corse","FSC","0000"
"532","Aeropuerto de Ajaccio-Napoléon Bonaparte","AJA","0000"
"533","Aeropuerto de Auxerre-Branches","AUF","0000"
"534","Aeropuerto de Chambéry-Savoie","CMF","0000"
"535","Aeropuerto de Clermont-Ferrand Auvergne","CFE","0000"
"536","Aeropuerto de Bourges","BOU","0000"
"537","Aeropuerto de Annemasse","QNJ","0000"
"538","Aeropuerto de Courchevel","CVF","0000"
"539","Aeropuerto de Lyon Saint-Exupéry","LYS","0000"
"540","Aeropuerto de Saint-Yan","SYT","0000"
"541","Aeropuerto de Roanne-Renaison","RNE","0000"
"542","Aeropuerto de Annecy-Haute-Savoie-Mont Blanc","NCY","0000"
"543","Aeropuerto de Grenoble-Isère","GNB","0000"
"544","Aeropuerto de Valence-Chabeuil","VAF","0000"
"545","Aeropuerto de Vichy-Charmeil","VHY","0000"
"546","Aeropuerto de Aurillac","AUR","0000"
"547","Aeropuerto de Châteauroux-Déols-Marcel Dassault","CHR","0000"
"548","Aeropuerto de Lyon-Bron","LYN","0000"
"549","Aeropuerto de Cannes-Mandelieu","CEQ","0000"
"550","Aeropuerto de Saint-Étienne-Bouthéon","EBU","0000"
"551","Aeropuerto de Carcassonne","CCF","0000"
"552","Aeropuerto de Marseille Provence","MRS","0000"
"553","Aeropuerto de Nice-Côte d'Azur","NCE","0000"
"554","Aeropuerto de Perpignan-Rivesaltes (Llabanère)","PGF","0000"
"555","Aeropuerto de Le Castellet","CTT","0000"
"556","Aeropuerto de Montpellier-Méditerranée","MPL","0000"
"557","Aeropuerto de Béziers-Vias","BZR","0000"
"558","Aeropuerto de Avignon-Caumont","AVN","0000"
"559","Aeródromo de Gap - Tallard","GAT","0000"
"560","Aeropuerto de Paris Beauvais Tillé","BVA","0000"
"561","Base Aérea Évreux-Fauville (BA 105)","EVX","0000"
"562","Aeropuerto de Le Havre Octeville","LEH","0000"
"563","Base Aérea Orléans-Bricy (BA 123)","ORE","0000"
"564","Aeropuerto de Châlons-Vatry","XCR","0000"
"565","Aeropuerto de Rouen","URO","0000"
"566","Aeropuerto de Tours-Val-de-Loire","TUF","0000"
"567","Aeropuerto de Cholet Le Pontreau","CET","0000"
"568","Aeropuerto de Laval-Entrammes","LVA","0000"
"569","Aeropuerto de Paris-Le Bourget","LBG","0000"
"570","Base Aérea Creil","CSF","0000"
"571","Aeropuerto de Bernay – St Martin","XBX","0000"
"572","Aeropuerto Internacional Charles de Gaulle","CDG","0000"
"573","Aeropuerto de Toussus-le-Noble","TNF","0000"
"574","Aeropuerto de Paris-Orly","ORY","0000"
"575","Aeropuerto de Pontoise - Cormeilles-en-Vexin","POX","0000"
"576","Base Aérea Villacoublay-Vélizy (BA 107)","VIY","0000"
"577","Aeropuerto de Nevers-Fourchambault","NVS","0000"
"578","Aeropuerto de Maubeuge-Élesmes","XME","0000"
"579","Aeropuerto de Lille-Lesquin","LIL","0000"
"580","Aeropuerto de Merville-Calonne","HZB","0000"
"581","Aeropuerto de Charleville-Mézières","XCZ","0000"
"582","Aeropuerto de Brest Bretagne","BES","0000"
"583","Aeropuerto de Cherbourg-Maupertus","CER","0000"
"584","Aeropuerto de Dinard-Pleurtuit-Saint-Malo","DNR","0000"
"585","Aeropuerto de La Baule-Escoublac","LBY","0000"
"586","Aeropuerto de Deauville-Saint-Gatien","DOL","0000"
"587","Aeropuerto de Lorient South Brittany (Bretagne Sud)","LRT","0000"
"588","Aeropuerto de La Roche-sur-Yon","EDM","0000"
"589","Base Aérea Landivisiau","LDV","0000"
"590","Aeropuerto de Caen-Carpiquet","CFR","0000"
"591","Aeropuerto de Le Mans-Arnage","LME","0000"
"592","Aeropuerto de Rennes-Saint-Jacques","RNS","0000"
"593","Aeropuerto de Lannion-Côte de Granit","LAI","0000"
"594","Aeropuerto de Quimper-Cornouaille","UIP","0000"
"595","Aeropuerto de Nantes Atlantique","NTE","0000"
"596","Aeropuerto de Saint-Brieuc-Armor","SBK","0000"
"597","Aeropuerto de Morlaix-Ploujean","MXN","0000"
"598","Aeropuerto de Vannes-Meucon","VNE","0000"
"599","Aeropuerto de Saint-Nazaire-Montoir","SNR","0000"
"600","Aeropuerto de EuroAirport Basel-Mulhouse-Freiburg","MLH","0000"
"601","Aeropuerto de Dijon-Bourgogne","DIJ","0000"
"602","Base Aérea Metz-Frescaty (BA 128)","MZM","0000"
"603","Aeropuerto de Épinal-Mirecourt","EPL","0000"
"604","Aeropuerto de Brive Souillac","BVE","0000"
"605","Aeropuerto de Nancy-Essey","ENC","0000"
"606","Base Aérea Reims-Champagne (BA 112)","RHE","0000"
"607","Aeropuerto de Estrasburgo","SXB","0000"
"608","Aeropuerto de Toulon-Hyères","TLN","0000"
"609","Aeropuerto de Nîmes-Arles-Camargue","FNI","0000"
"610","Aeropuerto de La Môle","LTT","0000"
"611","Aeropuerto de Miquelon","MQC","0000"
"612","Aeropuerto de St Pierre","FSP","0000"
"613","Aeropuerto de Cayenne-Rochambeau","CAY","0000"
"614","Aeropuerto de Maripasoula","MPY","0000"
"615","Aeropuerto de Saint-Georges-de-l'Oyapock","OYP","0000"
"616","Aeropuerto de Saint-Laurent-du-Maroni","LDX","0000"
"617","Aeropuerto de Saúl","XAU","0000"
"618","Aeropuerto de Baillif","BBR","0000"
"619","Aeropuerto de St-François","SFC","0000"
"620","Aeropuerto Internacional Martinique Aimé Césaire","FDF","0000"
"621","Aeropuerto de L'Espérance","SFG","0000"
"622","Aeropuerto de Gustaf III","SBH","0000"
"623","Aeropuerto de Les Bases","GBJ","0000"
"624","Aeropuerto de Pointe-à-Pitre Le Raizet","PTP","0000"
"625","Aeropuerto de Terre-de-Haut","LSS","0000"
"626","Aeropuerto de Bitam","BMM","0000"
"627","Aeropuerto Internacional Libreville Leon M'ba","LBV","0000"
"628","Aeropuerto Internacional Belfast","BFS","0000"
"629","Aeropuerto de St Angelo","ENK","0000"
"630","Aeropuerto de George Best Belfast City","BHD","0000"
"631","Aeropuerto de City of Derry","LDY","0000"
"632","Aeropuerto Internacional Birmingham","BHX","0000"
"633","Aeropuerto de Coventry","CVT","0000"
"634","Aeropuerto de Gloucestershire","GLO","0000"
"635","Aeropuerto de Nottingham","NQT","0000"
"636","Aeropuerto de Cotswold","GBA","0000"
"637","Aeropuerto de Manchester Airport","MAN","0000"
"638","Aeropuerto de Robin Hood Doncaster Sheffield","DSA","0000"
"639","Base Aérea Lyneham","LYE","0000"
"640","Aeropuerto de Campbeltown","CAL","0000"
"641","Aeropuerto de North Ronaldsay","NRL","0000"
"642","Aeropuerto de Stronsay","SOY","0000"
"643","Aeropuerto de Lerwick / Tingwall","LWK","0000"
"644","Aeropuerto de Haverfordwest","HAW","0000"
"645","Aeropuerto Internacional Cardiff","CWL","0000"
"646","Aeropuerto de Swansea","SWS","0000"
"647","Aeropuerto de Bristol","BRS","0000"
"648","Aeropuerto de Liverpool John Lennon","LPL","0000"
"649","Aeropuerto de Londres Luton","LTN","0000"
"650","Aeropuerto de Land's End","LEQ","0000"
"651","Aeropuerto de Plymouth City","PLH","0000"
"652","Aeropuerto de St. Mary's","ISC","0000"
"653","Aeropuerto de Bournemouth","BOH","0000"
"654","Aeropuerto de Southampton","SOU","0000"
"655","Aeropuerto de Bembridge","BBP","0000"
"656","Helipuerto de Penzance","PZE","0000"
"657","Aeropuerto de Lasham","QLA","0000"
"658","Aeropuerto de Newquay Cornwall","NQY","0000"
"659","Aeropuerto de Chichester/Goodwood","QUG","0000"
"660","Aeropuerto de Alderney","ACI","0000"
"661","Aeropuerto de Guernsey","GCI","0000"
"662","Aeropuerto de Jersey","JER","0000"
"663","Aeropuerto de Shoreham","ESH","0000"
"664","Aeropuerto de Londres Biggin Hill","BQH","0000"
"665","Aeropuerto de Londres Gatwick","LGW","0000"
"666","Aeródromo de Redhill","KRH","0000"
"667","Aeropuerto de Londres City","LCY","0000"
"668","Aeropuerto de Farnborough","FAB","0000"
"669","Aeropuerto de Blackbushe","BBS","0000"
"670","Aeropuerto de Londres Heathrow","LHR","0000"
"671","Aeropuerto de Southend","SEN","0000"
"672","Aeropuerto de Lydd","LYX","0000"
"673","Aeropuerto de Kent","MSE","0000"
"674","Aeropuerto de Carlisle","CAX","0000"
"675","Aeropuerto Internacional Blackpool","BLK","0000"
"676","Aeropuerto de Humberside","HUY","0000"
"677","Aeropuerto de Barrow Walney Island","BWF","0000"
"678","Aeropuerto de Leeds Bradford","LBA","0000"
"679","Aeropuerto de Warton","WRT","0000"
"680","Aeropuerto de Hawarden","CEG","0000"
"681","Aeropuerto de Isle of Man","IOM","0000"
"682","Aeropuerto de Newcastle","NCL","0000"
"683","Aeropuerto de Durham Tees Valley","MME","0000"
"684","Aeropuerto de East Midlands","EMA","0000"
"685","Aeropuerto de Kirkwall","KOI","0000"
"686","Aeropuerto de Sumburgh","LSI","0000"
"687","Aeropuerto de Wick","WIC","0000"
"688","Aeropuerto de Aberdeen Dyce","ABZ","0000"
"689","Aeropuerto de Inverness","INV","0000"
"690","Aeropuerto Internacional Glasgow","GLA","0000"
"691","Aeropuerto de Edinburgo","EDI","0000"
"692","Aeropuerto de Islay","ILY","0000"
"693","Aeropuerto de Glasgow Prestwick","PIK","0000"
"694","Aeropuerto de Benbecula","BEB","0000"
"695","Aeropuerto de Scatsta","SCS","0000"
"696","Aeropuerto de Dundee","DND","0000"
"697","Aeropuerto de Stornoway","SYY","0000"
"698","Aeropuerto de Barra","BRR","0000"
"699","Aeropuerto de Perth/Scone","PSL","0000"
"700","Aeropuerto de Tiree","TRE","0000"
"701","Aeropuerto de Unst","UNT","0000"
"702","Base Aérea de Leuchars","ADX","0000"
"703","Aeropuerto de Cambridge","CBG","0000"
"704","Aeropuerto de Norwich","NWI","0000"
"705","Aeropuerto de Londres Stansted","STN","0000"
"706","Aeródromo de Duxford","QFO","0000"
"707","Aeropuerto de Exeter","EXT","0000"
"708","Aeropuerto de Bristol Filton","FZO","0000"
"709","Aeropuerto de Oxford (Kidlington)","OXF","0000"
"710","Aeropuerto de Rochester","RCS","0000"
"711","Base Aérea de Benson","BEX","0000"
"712","Base Aérea de Mildenhall","MHZ","0000"
"713","Base Aérea de Fairford","FFD","0000"
"714","Base Aérea de Brize Norton","BZZ","0000"
"715","Base Aérea de Northolt","NHT","0000"
"716","Base Aérea de Alconbury","AYH","0000"
"717","Base Aérea de Waddington","WTN","0000"
"718","Aeropuerto de Mount Pleasant","MPN","0000"
"719","Aeródromo de Wideawake","ASI","0000"
"720","Aeropuerto de St. Helena","HLE","0000"
"721","Aeropuerto Internacional Point Salines","GND","0000"
"722","Aeropuerto de Kopitnari","KUT","0000"
"723","Aeropuerto Internacional Batumi","BUS","0000"
"724","Aeropuerto Internacional Tbilisi","TBS","0000"
"725","Aeropuerto Internacional Kotoka","ACC","0000"
"726","Aeropuerto de Tamale","TML","0000"
"727","Aeropuerto de Gibraltar","GIB","0000"
"728","Aeropuerto de Narsarsuaq","UAK","0000"
"729","Aeropuerto de Kulusuk","KUS","0000"
"730","Aeropuerto de Kangerlussuaq","SFJ","0000"
"731","Base Aérea Thule","THU","0000"
"732","Aeropuerto Internacional de Banjul","BJL","0000"
"733","Aeropuerto Internacional Conakry","CKY","0000"
"734","Aeropuerto de Bata","BSG","0000"
"735","Aeropuerto de Malabo","SSG","0000"
"736","Aeropuerto de Dimokritos","AXD","0000"
"737","Aeropuerto de Athen Helenikon","HEW","0000"
"738","Aeropuerto Internacional Eleftherios Venizelos","ATH","0000"
"739","Aeropuerto de Nea Anchialos","VOL","0000"
"740","Aeropuerto de Chios Island National","JKH","0000"
"741","Aeropuerto de Ikaria","JIK","0000"
"742","Aeropuerto de Ioannina","IOA","0000"
"743","Aeropuerto Internacional Heraklion Nikos Kazantzakis","HER","0000"
"744","Aeropuerto de Kastoria National","KSO","0000"
"745","Aeropuerto de Kithira","KIT","0000"
"746","Aeropuerto de Kefallinia","EFL","0000"
"747","Aeropuerto de Kastelorizo","KZS","0000"
"748","Aeropuerto de Kalamata","KLX","0000"
"749","Aeropuerto de Kos","KGS","0000"
"750","Aeropuerto de Karpathos","AOK","0000"
"751","Aeropuerto Internacional Ioannis Kapodistrias","CFU","0000"
"752","Aeropuerto de Kasos","KSJ","0000"
"753","Aeropuerto Internacional Alexander the Great","KVA","0000"
"754","Aeropuerto de Kalymnos","JKL","0000"
"755","Aeropuerto de Filippos","KZI","0000"
"756","Aeropuerto de Leros","LRS","0000"
"757","Aeropuerto de Limnos","LXS","0000"
"758","Aeropuerto de Larisa","LRA","0000"
"759","Aeropuerto de Mikonos","JMK","0000"
"760","Aeropuerto de Milos","MLO","0000"
"761","Aeropuerto Internacional Mytilene","MJT","0000"
"762","Aeropuerto de Naxos","JNX","0000"
"763","Aeropuerto de Paros National","PAS","0000"
"764","Aeropuerto de Astypalaia","JTY","0000"
"765","Aeropuerto de Aktion National","PVK","0000"
"766","Aeropuerto de Diagoras","RHO","0000"
"767","Aeropuerto de Araxos","GPA","0000"
"768","Aeropuerto Internacional Chania","CHQ","0000"
"769","Aeropuerto de Skiathos Island National","JSI","0000"
"770","Aeropuerto de Samos","SMI","0000"
"771","Aeropuerto de Syros","JSY","0000"
"772","Aeropuerto de Santorini","JTR","0000"
"773","Aeropuerto de Sitia","JSH","0000"
"774","Aeropuerto de Skiros","SKU","0000"
"775","Aeropuerto Internacional Thessaloniki Macedonia","SKG","0000"
"776","""Aeropuerto Internacional Zakynthos """"Dionysios Solomos""""""","ZTH","0000"
"777","Aeropuerto de La Aurora","GUA","0000"
"778","Aeropuerto Internacional Osvaldo Vieira","OXB","0000"
"779","Aeropuerto Internacional Cheddi Jagan","GEO","0000"
"780","Aeropuerto Internacional Hong Kong","HKG","0000"
"781","Aeropuerto de La Esperanza","LEZ","0000"
"782","Aeropuerto Internacional Juan Manuel Galvez","RTB","0000"
"783","Aeropuerto Internacional Toncontín","TGU","0000"
"784","Aeropuerto de Dubrovnik","DBV","0000"
"785","Aeropuerto de Lošinj Island","LSZ","0000"
"786","Aeropuerto de Osijek","OSI","0000"
"787","Aeropuerto de Pula","PUY","0000"
"788","Aeropuerto de Rijeka","RJK","0000"
"789","Aeropuerto de Bra?","BWK","0000"
"790","Aeropuerto de Split","SPU","0000"
"791","Aeropuerto de Zagreb","ZAG","0000"
"792","Aeropuerto de Zadar","ZAD","0000"
"793","Aeropuerto Internacional Toussaint Louverture","PAP","0000"
"794","Aeropuerto Internacional Budapest Liszt Ferenc","BUD","0000"
"795","Aeropuerto Internacional Debrecen","DEB","0000"
"796","Aeropuerto Internacional Sármellék","SOB","0000"
"797","Aeropuerto Internacional Ngurah Rai (Bali)","DPS","0000"
"798","Aeropuerto de Sultan Aji Muhamad Sulaiman","BPN","0000"
"799","Aeropuerto de Fatmawati Soekarno","BKS","0000"
"800","Aeropuerto Internacional Halim Perdanakusuma","HLP","0000"
"801","Aeropuerto Internacional Soekarno-Hatta","CGK","0000"
"802","Aeropuerto Internacional Kualanamu","KNO","0000"
"803","Aeropuerto de Connemara Regional","NNR","0000"
"804","Aeropuerto de Cork","ORK","0000"
"805","Aeropuerto de Galway","GWY","0000"
"806","Aeropuerto de Donegal","CFN","0000"
"807","Aeropuerto de Dublin","DUB","0000"
"808","Aeródromo de Inishmore","IOR","0000"
"809","Aeropuerto de Ireland West Knock","NOC","0000"
"810","Aeropuerto de Kerry","KIR","0000"
"811","Aeropuerto de Shannon","SNN","0000"
"812","Aeropuerto de Sligo","SXL","0000"
"813","Aeropuerto de Waterford","WAT","0000"
"814","Aeropuerto Internacional Ben Gurion","TLV","0000"
"815","Aeropuerto de Eilat","ETH","0000"
"816","Base Aérea Nevatim","VTM","0000"
"817","Aeropuerto de Sde Dov","SDV","0000"
"818","Aeropuerto Internacional Sardar Vallabhbhai Patel","AMD","0000"
"819","Aeropuerto Internacional Chhatrapati Shivaji","BOM","0000"
"820","Aeropuerto Internacional Netaji Subhash Chandra Bose","CCU","0000"
"821","Aeropuerto Internacional Sri Guru Ram Dass Jee","ATQ","0000"
"822","Aeropuerto Internacional Indira Gandhi","DEL","0000"
"823","Aeropuerto Internacional Kempegowda","BLR","0000"
"824","Aeropuerto Internacional Rajiv Gandhi","HYD","0000"
"825","Aeropuerto de Begumpet","BPM","0000"
"826","Aeropuerto Internacional Chennai","MAA","0000"
"827","Base Aérea Al Asad","IQA","0000"
"828","Base Aérea Joint Base Balad","XQC","0000"
"829","Aeropuerto Internacional Baghdad","BGW","0000"
"830","Aeropuerto Internacional Erbil","EBL","0000"
"831","Base Aérea Kirkuk","KIK","0000"
"832","Aeropuerto Internacional Basrah","BSR","0000"
"833","Aeropuerto Internacional Al Najaf","NJF","0000"
"834","Aeropuerto de Qayyarah West","RQW","0000"
"835","Aeropuerto Internacional Sulaymaniyah","ISU","0000"
"836","Aeropuerto de Ahwaz","AWZ","0000"
"837","Aeropuerto Internacional Imam Khomeini","IKA","0000"
"838","Aeropuerto Internacional Mehrabad","THR","0000"
"839","Aeropuerto Internacional Mashhad","MHD","0000"
"840","Aeropuerto Internacional Shiraz Shahid Dastghaib","SYZ","0000"
"841","Aeropuerto de Urmia","OMH","0000"
"842","Aeropuerto Internacional Tabriz","TBZ","0000"
"843","Aeropuerto de Akureyri","AEY","0000"
"844","Aeropuerto de Bildudalur","BIU","0000"
"845","Aeropuerto de Egilsstaðir","EGS","0000"
"846","Aeropuerto de Gjögur","GJR","0000"
"847","Aeropuerto de Grímsey","GRY","0000"
"848","Aeropuerto de Hólmavík","HVK","0000"
"849","Aeropuerto de Hornafjörður","HFN","0000"
"850","Aeropuerto de Húsavík","HZK","0000"
"851","Aeropuerto de Ísafjörður","IFJ","0000"
"852","Aeropuerto Internacional Keflavik","KEF","0000"
"853","Aeropuerto de Kópasker","OPA","0000"
"854","Aeropuerto de Sauðárkrókur","SAK","0000"
"855","Aeropuerto de Norðfjörður","NOR","0000"
"856","Aeropuerto de Patreksfjörður","PFJ","0000"
"857","Aeropuerto de Raufarhöfn","RFN","0000"
"858","Aeropuerto de Reykjavik","RKV","0000"
"859","Aeropuerto de Reykjahlíð","MVA","0000"
"860","Aeropuerto de Siglufjörður","SIJ","0000"
"861","Aeropuerto de Stykkishólmur","SYK","0000"
"862","Aeropuerto de Þingeyri","TEY","0000"
"863","Aeropuerto de Thorshofn","THO","0000"
"864","Aeropuerto de Vestmannaeyjar","VEY","0000"
"865","Aeropuerto de Vopnafjörður","VPN","0000"
"866","Aeropuerto de Crotone","CRV","0000"
"867","Aeropuerto de Bari Karol Wojtyla","BRI","0000"
"868","Aeropuerto de Foggia - Gino Lisa","FOG","0000"
"869","Aeropuerto de Taranto - Grottaglie- Marcello Arlotta","TAR","0000"
"870","Aeropuerto Internacional Pescara","PSR","0000"
"871","Aeropuerto de Brindisi – Salento","BDS","0000"
"872","Aeropuerto de Lamezia Terme","SUF","0000"
"873","Aeropuerto de Comiso","CIY","0000"
"874","Aeropuerto de Catania-Fontanarossa","CTA","0000"
"875","Aeropuerto de Lampedusa","LMP","0000"
"876","Aeropuerto de Pantelleria","PNL","0000"
"877","Aeropuerto de Falcone–Borsellino","PMO","0000"
"878","Aeropuerto de Reggio Calabria","REG","0000"
"879","Aeropuerto de Vincenzo Florio Trapani-Birgi","TPS","0000"
"880","Base Aérea de Sigonella","NSY","0000"
"881","Aeropuerto de Alghero-Fertilia Airport","AHO","0000"
"882","Base Aérea Decimomannu","DCI","0000"
"883","Aeropuerto de Cagliari Elmas Airport","CAG","0000"
"884","Aeropuerto de Olbia Costa Smeralda Airport","OLB","0000"
"885","Aeropuerto de Tortolì Airport","TTB","0000"
"886","Aeropuerto Internacional Malpensa","MXP","0000"
"887","Aeropuerto Internacional Il Caravaggio","BGY","0000"
"888","Aeropuerto de Turin","TRN","0000"
"889","Aeropuerto Internacional Villanova D'Albenga","ALL","0000"
"890","Aeropuerto de Genoa Cristoforo Colombo","GOA","0000"
"891","Aeropuerto de Milano Linate","LIN","0000"
"892","Aeropuerto de Parma","PMF","0000"
"893","Aeropuerto de Aosta","AOT","0000"
"894","Aeropuerto Internacional Cuneo","CUF","0000"
"895","Aeropuerto de Bolzano","BZO","0000"
"896","Aeropuerto de Bologna Guglielmo Marconi","BLQ","0000"
"897","Aeropuerto de Treviso-Sant'Angelo","TSF","0000"
"898","Aeropuerto de Forlì","FRL","0000"
"899","Aeropuerto de Brescia","VBS","0000"
"900","Aeropuerto de Trieste–Friuli Venezia Giulia","TRS","0000"
"901","Aeropuerto Internacional Federico Fellini","RMI","0000"
"902","Aeropuerto de Verona Villafranca","VRN","0000"
"903","Aeropuerto de Ancona Falconara","AOI","0000"
"904","Aeropuerto de Venice Marco Polo","VCE","0000"
"905","Aeropuerto Internacional Ciampino–G. B. Pastine","CIA","0000"
"906","Aeropuerto de Leonardo da Vinci–Fiumicino","FCO","0000"
"907","Aeropuerto de Salerno Costa d'Amalfi","QSR","0000"
"908","Aeropuerto de Marina Di Campo","EBA","0000"
"909","Aeropuerto Internacional Naples","NAP","0000"
"910","Aeropuerto Internacional Pisa","PSA","0000"
"911","Aeropuerto de Peretola","FLR","0000"
"912","Base Aérea Grosseto","GRS","0000"
"913","Aeropuerto Internacional Perugia San Francesco d'Assisi – Umbria","PEG","0000"
"914","Aeropuerto Internacional Norman Manley","KIN","0000"
"915","Aeropuerto Internacional Sir Donald Sangster","MBJ","0000"
"916","Aeropuerto Internacional Queen Alia","AMM","0000"
"917","Aeropuerto Internacional Amman-Marka","ADJ","0000"
"918","Aeropuerto Internacional Aqaba King Hussein","AQJ","0000"
"919","Aeropuerto Internacional Narita","NRT","0000"
"920","Aeropuerto Internacional Kansai","KIX","0000"
"921","Aeropuerto de New Chitose","CTS","0000"
"922","Aeropuerto de Fukuoka","FUK","0000"
"923","Aeropuerto de Kagoshima","KOJ","0000"
"924","Aeropuerto Internacional Chubu Centrair","NGO","0000"
"925","Aeropuerto de Nagoya","NKM","0000"
"926","Aeropuerto de Komatsu","KMQ","0000"
"927","Aeropuerto Internacional Osaka","ITM","0000"
"928","Aeropuerto de Takamatsu","TAK","0000"
"929","Aeropuerto Internacional Tokyo Haneda International Airport","HND","0000"
"930","Aeropuerto Internacional Yokota Air Base","OKO","0000"
"931","Aeropuerto Internacional Eldoret","EDL","0000"
"932","Aeropuerto Internacional Jomo Kenyatta","NBO","0000"
"933","Aeropuerto de Mandera","NDE","0000"
"934","Aeropuerto Internacional Mombasa Moi","MBA","0000"
"935","Aeropuerto Internacional Manas","FRU","0000"
"936","Aeropuerto de Osh","OSS","0000"
"937","Aeropuerto Internacional Phnom Penh","PNH","0000"
"938","Aeropuerto Internacional Prince Said Ibrahim","HAH","0000"
"939","Aeropuerto de Iconi","YVA","0000"
"940","Aeropuerto de Ouani","AJN","0000"
"941","Aeropuerto Internacional Robert L. Bradshaw","SKB","0000"
"942","Aeropuerto Internacional Gimhae","PUS","0000"
"943","Aeropuerto Internacional Incheon","ICN","0000"
"944","Base Aérea Seoul (K-16)","SSN","0000"
"945","Aeropuerto Internacional Gimpo","GMP","0000"
"946","Aeropuerto Internacional Cheongju","CJJ","0000"
"947","Aeropuerto Internacional Kuwait International Airport","KWI","0000"
"948","Aeropuerto Internacional Owen Roberts","GCM","0000"
"949","Aeropuerto de Almaty","ALA","0000"
"950","Aeropuerto Internacional Astana","TSE","0000"
"951","Aeropuerto de Zhezkazgan","DZN","0000"
"952","Aeropuerto de Sary-Arka","KGF","0000"
"953","Aeropuerto de Uralsk","URA","0000"
"954","Aeropuerto de Aktau","SCO","0000"
"955","Aeropuerto de Atyrau","GUW","0000"
"956","Aeropuerto de Aktobe","AKX","0000"
"957","Aeropuerto de Kostanay West","KSN","0000"
"958","Aeropuerto Internacional Beirut Rafic Hariri","BEY","0000"
"959","Aeropuerto de George F. L. Charles","SLU","0000"
"960","Aeropuerto Internacional Hewanorra","UVF","0000"
"961","Aeropuerto Internacional Bandaranaike Colombo","CMB","0000"
"962","Aeropuerto de Spriggs Payne","MLW","0000"
"963","Aeropuerto Internacional Roberts","ROB","0000"
"964","Aeropuerto de Sasstown","SAZ","0000"
"965","Aeropuerto Internacional Moshoeshoe I","MSU","0000"
"966","Aeropuerto Internacional Kaunas","KUN","0000"
"967","Aeropuerto Internacional Palanga","PLQ","0000"
"968","Aeropuerto Internacional Šiauliai","SQQ","0000"
"969","Aeropuerto Internacional Vilnius","VNO","0000"
"970","Aeropuerto Internacional Luxembourg-Findel","LUX","0000"
"971","Aeropuerto Internacional Liepaja","LPX","0000"
"972","Aeropuerto Internacional Riga","RIX","0000"
"973","Aeropuerto Internacional Benina","BEN","0000"
"974","Aeropuerto de Mitiga","MJI","0000"
"975","Aeropuerto de La Abraq","LAQ","0000"
"976","Aeropuerto de Sabha","SEB","0000"
"977","Aeropuerto Internacional Tripoli","TIP","0000"
"978","Aeropuerto de Misratah","MRA","0000"
"979","Aeropuerto de Al Massira","AGA","0000"
"980","Aeropuerto de Goulimime","GLN","0000"
"981","Aeropuerto de Tan Tan","TTA","0000"
"982","Aeropuerto de Saïss","FEZ","0000"
"983","Aeropuerto de Moulay Ali Cherif","ERH","0000"
"984","Aeropuerto de Angads","OUD","0000"
"985","Aeropuerto de Smara","SMW","0000"
"986","Aeropuerto de Ben Slimane","GMD","0000"
"987","Aeropuerto de Anfa","CAS","0000"
"988","Aeropuerto de Rabat-Salé","RBA","0000"
"989","Aeropuerto de Sidi Ifni","SII","0000"
"990","Aeropuerto de Dakhla","VIL","0000"
"991","Aeropuerto de Mogador","ESU","0000"
"992","Aeropuerto de Hassan I","EUN","0000"
"993","Aeropuerto Internacional Mohammed V","CMN","0000"
"994","Aeropuerto Internacional Nador","NDR","0000"
"995","Aeropuerto de Menara","RAK","0000"
"996","Aeropuerto de Kenitra","NNA","0000"
"997","Aeropuerto de Ouarzazate","OZZ","0000"
"998","Aeropuerto de Cherif Al Idrissi","AHU","0000"
"999","Aeropuerto de Saniat R'mel","TTU","0000"
"1000","Aeropuerto de Ibn Batouta","TNG","0000"
"1001","Helipuerto de Monaco","MCM","0000"
"1002","Aeropuerto Internacional Chisinau","KIV","0000"
"1003","Aeropuerto de Podgorica","TGD","0000"
"1004","Aeropuerto de Tivat","TIV","0000"
"1005","Aeropuerto de Ivato","TNR","0000"
"1006","Aeropuerto de Toamasina","TMM","0000"
"1007","Aeropuerto de Amborovy","MJN","0000"
"1008","Aeropuerto de Fascene","NOS","0000"
"1009","Aeropuerto de Ampanihy","AMP","0000"
"1010","Aeropuerto de Ohrid St. Paul the Apostle","OHD","0000"
"1011","Aeropuerto de Skopje Alexander the Great","SKP","0000"
"1012","Aeropuerto Internacional Modibo Keita","BKO","0000"
"1013","Aeropuerto de Gao","GAQ","0000"
"1014","Aeropuerto de Mopti","MZI","0000"
"1015","Aeropuerto de Timbuktu","TOM","0000"
"1016","Aeropuerto Internacional Gengis Kan","ULN","0000"
"1017","Aeropuerto de Nouakchott–Oumtounsy","NKC","0000"
"1018","Aeropuerto Internacional Atar","ATR","0000"
"1019","Aeropuerto Internacional Nouadhibou","NDB","0000"
"1020","Aeropuerto de Tazadit","OUZ","0000"
"1021","Helipuerto de Xewkija","GZM","0000"
"1022","Aeropuerto Internacional Malta International Airport","MLA","0000"
"1023","Aeropuerto Internacional Sir Seewoosagur Ramgoolam","MRU","0000"
"1024","Aeropuerto Internacional Malé","MLE","0000"
"1025","Aeropuerto Internacional Lilongwe","LLW","0000"
"1026","Aeropuerto de Likoma Island","LIX","0000"
"1027","Aeropuerto Internacional General Juan N Alvarez","ACA","0000"
"1028","Aeropuerto Internacional Cozumel","CZM","0000"
"1029","Aeropuerto Internacional Don Miguel Hidalgo Y Costilla","GDL","0000"
"1030","Aeropuerto Internacional Manuel Márquez de León","LAP","0000"
"1031","Aeropuerto Internacional Loreto","LTO","0000"
"1032","Aeropuerto Internacional Monclova","LOV","0000"
"1033","Aeropuerto Internacional Licenciado Benito Juarez","MEX","0000"
"1034","Aeropuerto Internacional General Mariano Escobedo","MTY","0000"
"1035","Aeropuerto Internacional Licenciado Gustavo Díaz Ordaz","PVR","0000"
"1036","Aeropuerto Internacional Querétar","QRO","0000"
"1037","Aeropuerto Internacional Los Cabos","SJD","0000"
"1038","Aeropuerto Internacional General Abelardo L. Rodríguez","TIJ","0000"
"1039","Aeropuerto Internacional Licenciado Adolfo Lopez Mateos","TLC","0000"
"1040","Aeropuerto Internacional Cancún","CUN","0000"
"1041","Aeropuerto Internacional Kuala Lumpur","KUL","0000"
"1042","Aeropuerto Internacional Penang","PEN","0000"
"1043","Aeropuerto Internacional Sultan Abdul Aziz Shah","SZB","0000"
"1044","Aeropuerto de Maputo","MPM","0000"
"1045","Aeropuerto de Pemba","POL","0000"
"1046","Aeropuerto de Ondangwa","OND","0000"
"1047","Aeropuerto de Eros","ERS","0000"
"1048","Aeropuerto Internacional Hosea Kutako","WDH","0000"
"1049","Aeropuerto Internacional La Tontouta","NOU","0000"
"1050","Aeropuerto Internacional Diori Hamani","NIM","0000"
"1051","Aeropuerto Internacional Mano Dayk","AJY","0000"
"1052","Aeropuerto Internacional Nnamdi Azikiwe","ABV","0000"
"1053","Aeropuerto Internacional Akwa Ibom","QUO","0000"
"1054","Aeropuerto Internacional Akanu Ibiam","ENU","0000"
"1055","Aeropuerto de Kaduna","KAD","0000"
"1056","Aeropuerto Internacional Mallam Aminu","KAN","0000"
"1057","Aeropuerto Internacional Murtala Muhammed","LOS","0000"
"1058","Aeropuerto Internacional Port Harcourt","PHC","0000"
"1059","Aeropuerto Internacional Augusto C. Sandino (Managua)","MGA","0000"
"1060","Aeropuerto de Amsterdam Schiphol","AMS","0000"
"1061","Aeropuerto de Maastricht Aachen","MST","0000"
"1062","Aeropuerto de Eindhoven","EIN","0000"
"1063","Aeropuerto de Eelde","GRQ","0000"
"1064","Base Aérea Leeuwarden","LWR","0000"
"1065","Aeropuerto de Rotterdam The Hague","RTM","0000"
"1066","Base Aérea Soesterberg","UTC","0000"
"1067","Aeropuerto de Twente","ENS","0000"
"1068","Base Aérea Volkel","UDE","0000"
"1069","Base Aérea Woensdrecht","WOE","0000"
"1070","Aeropuerto Internacional Flamingo","BON","0000"
"1071","Aeropuerto Internacional Hato","CUR","0000"
"1072","Aeropuerto Internacional Princesa Juliana","SXM","0000"
"1073","Aeropuerto de Ålesund","AES","0000"
"1074","Aeropuerto de Andøya","ANX","0000"
"1075","Aeropuerto de Alta","ALF","0000"
"1076","Aeropuerto de Førde","FDE","0000"
"1077","Aeropuerto de Brønnøysund","BNN","0000"
"1078","Aeropuerto de Bodø","BOO","0000"
"1079","Aeropuerto de Bergen Flesland","BGO","0000"
"1080","Aeropuerto de Båtsfjord","BJF","0000"
"1081","Aeropuerto de Berlevåg","BVG","0000"
"1082","Aeropuerto de Kristiansand","KRS","0000"
"1083","Aeropuerto de Geilo Dagali","DLD","0000"
"1084","Aeropuerto de Bardufoss","BDU","0000"
"1085","Aeropuerto de Harstad/Narvik, Evenes","EVE","0000"
"1086","Aeropuerto de Leirin Airport","VDB","0000"
"1087","Aeropuerto de Florø","FRO","0000"
"1088","Aeropuerto de Oslo Gardermoen","OSL","0000"
"1089","Aeropuerto de Stafsberg","HMR","0000"
"1090","Aeropuerto de Haugesund","HAU","0000"
"1091","Aeropuerto de Hammerfest","HFT","0000"
"1092","Aeropuerto de Hasvik","HAA","0000"
"1093","Aeropuerto de Valan","HVG","0000"
"1094","Base Aérea Kautokeino","QKX","0000"
"1095","Aeropuerto de Kristiansund (Kvernberget)","KSU","0000"
"1096","Aeropuerto de Gol","GLL","0000"
"1097","Aeropuerto de Kirkenes (Høybuktmoen)","KKN","0000"
"1098","Aeropuerto de Lista","FAN","0000"
"1099","Aeropuerto de Leknes","LKN","0000"
"1100","Aeropuerto de Mehamn","MEH","0000"
"1101","Aeropuerto de Molde","MOL","0000"
"1102","Aeropuerto de Mosjøen (Kjærstad)","MJF","0000"
"1103","Aeropuerto de Banak","LKL","0000"
"1104","Aeropuerto de Narvik Framnes","NVK","0000"
"1105","Aeropuerto de Namsos Høknesøra","OSY","0000"
"1106","Aeropuerto de Notodden","NTB","0000"
"1107","Aeropuerto de Ørland","OLA","0000"
"1108","Aeropuerto de Ørsta-Volda, Hovden","HOV","0000"
"1109","Aeropuerto de Mo i Rana, Røssvoll","MQN","0000"
"1110","Aeropuerto de Rørvik, Ryum","RVK","0000"
"1111","Aeropuerto de Røros","RRS","0000"
"1112","Aeropuerto de Røst","RET","0000"
"1113","Aeropuerto de Moss, Rygge","RYG","0000"
"1114","Aeropuerto de Svalbard, Longyear","LYR","0000"
"1115","Aeropuerto de Sandane (Anda)","SDN","0000"
"1116","Aeropuerto de Sogndal","SOG","0000"
"1117","Aeropuerto de Svolvær Helle","SVJ","0000"
"1118","Aeropuerto de Stokmarknes Skagen","SKN","0000"
"1119","Aeropuerto de Skien","SKE","0000"
"1120","Aeropuerto de Stord","SRP","0000"
"1121","Aeropuerto de Sørkjosen","SOJ","0000"
"1122","Aeropuerto de Vardø, Svartnes","VAW","0000"
"1123","Aeropuerto de Sandnessjøen (Stokka)","SSJ","0000"
"1124","Aeropuerto de Tromsø Airport","TOS","0000"
"1125","Aeropuerto de Sandefjord Airport, Torp","TRF","0000"
"1126","Aeropuerto de Trondheim Værnes","TRD","0000"
"1127","Aeropuerto de Vadsø","VDS","0000"
"1128","Helipuerto de Værøy","VRY","0000"
"1129","Aeropuerto Internacional Stavanger Sola","SVG","0000"
"1130","Aeropuerto Internacional Tribhuvan","KTM","0000"
"1131","Aeropuerto Internacional Auckland","AKL","0000"
"1132","Aeropuerto Regional de Rotorua","ROT","0000"
"1133","Aeropuerto Internacional Mascate","MCT","0000"
"1134","Aeropuerto Internacional Marcos A. Gelabert","PAC","0000"
"1135","Aeropuerto Internacional Tocumen","PTY","0000"
"1136","Aeropuerto Internacional Capitán FAP David Abenzur Rengifo","PCL","0000"
"1137","Aeropuerto Internacional Jorge Chávez","LIM","0000"
"1138","Aeropuerto Internacional Coronel FAP Francisco Secada Vignetta","IQT","0000"
"1139","Aeropuerto Internacional Rodríguez Ballón","AQP","0000"
"1140","Aeropuerto Internacional Padre Aldamiz","PEM","0000"
"1141","Aeropuerto Internacional Capitán FAP Guillermo Concha Iberico","PIU","0000"
"1142","Aeropuerto Internacional Faa'a","PPT","0000"
"1143","Aeropuerto Internacional Subic Bay","SFS","0000"
"1144","Aeropuerto Internacional Ninoy Aquino","MNL","0000"
"1145","Aeropuerto de Malabang","MLP","0000"
"1146","Aeropuerto Internacional New Islamabad","ISB","0000"
"1147","Aeropuerto Internacional Jinnah","KHI","0000"
"1148","Aeropuerto Internacional Alama Iqbal","LHE","0000"
"1149","Aeropuerto de Bydgoszcz Ignacy Jan Paderewski","BZG","0000"
"1150","Aeropuerto de Lódz Wladyslaw Reymont","LCJ","0000"
"1151","Aeropuerto de Modlin","WMI","0000"
"1152","Aeropuerto de Poznan-Lawica","POZ","0000"
"1153","Aeropuerto de Solidarno?? Szczecin-Goleniów","SZZ","0000"
"1154","Aeropuerto de Olsztyn-Mazury","SZY","0000"
"1155","Aeropuerto de Varsovia-Chopin","WAW","0000"
"1156","Aeropuerto de Zielona Góra-Babimost","IEG","0000"
"1157","Aeropuerto de Rafael Hernandez","BQN","0000"
"1158","Aeropuerto Internacional Luis Munoz Marin","SJU","0000"
"1159","Base aérea de Alverca","AVR","0000"
"1160","Aeropuerto de Santa Maria","SMA","0000"
"1161","Aeropuerto de Bragança","BGC","0000"
"1162","Aeropuerto de Beja","BYJ","0000"
"1163","Aeropuerto de Corvo","CVU","0000"
"1164","Aeropuerto de Cascais","CAT","0000"
"1165","Aeropuerto de Flores","FLW","0000"
"1166","Aeropuerto de Faro","FAO","0000"
"1167","Aeropuerto de Graciosa","GRW","0000"
"1168","Aeropuerto de Horta","HOR","0000"
"1169","Aeropuerto de Lajes","TER","0000"
"1170","Aeropuerto de Madeira","FNC","0000"
"1171","Base aérea de Monte Real","QLR","0000"
"1172","Aeropuerto de João Paulo II","PDL","0000"
"1173","Aeropuerto de Pico","PIX","0000"
"1174","Aeropuerto de Portimão","PRM","0000"
"1175","Aeropuerto de Francisco de Sá Carneiro","OPO","0000"
"1176","Aeropuerto de Porto Santo","PXO","0000"
"1177","Aeropuerto de Humberto Delgado","LIS","0000"
"1178","Aeropuerto de São Jorge","SJZ","0000"
"1179","Aeropuerto de Vila Real","VRL","0000"
"1180","Aeropuerto Goncalves Lobato","VSE","0000"
"1181","Aeropuerto Internacional Silvio Pettirossi","ASU","0000"
"1182","Aeropuerto Internacional Doha","DIA","0000"
"1183","Base Aérea de Al Udeid","XJD","0000"
"1184","Aeropuerto Internacional Hamad","DOH","0000"
"1185","Aeropuerto Internacional Arad","ARW","0000"
"1186","Aeropuerto de Bacau","BCM","0000"
"1187","Aeropuerto de Tautii Magheraus","BAY","0000"
"1188","Aeropuerto Internacional Baneasa","BBU","0000"
"1189","Aeropuerto Internacional Mihail Kogalniceanu","CND","0000"
"1190","Aeropuerto Internacional Cluj-Napoca","CLJ","0000"
"1191","Aeropuerto de Caransebes","CSB","0000"
"1192","Aeropuerto de Craiova","CRA","0000"
"1193","Aeropuerto de Iasi","IAS","0000"
"1194","Aeropuerto Internacional Oradea","OMR","0000"
"1195","Aeropuerto Internacional Henri Coanda","OTP","0000"
"1196","Aeropuerto Internacional Sibiu","SBZ","0000"
"1197","Aeropuerto de Satu Mare","SUJ","0000"
"1198","Aeropuerto de Suceava Stefan cel Mare","SCV","0000"
"1199","Aeropuerto de Tulcea","TCE","0000"
"1200","Aeropuerto Internacional Transilvania Târgu Mures","TGM","0000"
"1201","Aeropuerto de Timisoara Traian Vuia","TSR","0000"
"1202","Aeropuerto de Belgrade Nikola Tesla","BEG","0000"
"1203","Aeropuerto de Nis","INI","0000"
"1204","Aeropuerto Internacional Priština","PRN","0000"
"1205","Aeropuerto de Khabarovsk-Novy","KHV","0000"
"1206","Aeropuerto de Yuzhno-Sakhalinsk","UUS","0000"
"1207","Aeropuerto Internacional Vladivostok","VVO","0000"
"1208","Aeropuerto de Bratsk","BTK","0000"
"1209","Aeropuerto de Irkutsk","IKT","0000"
"1210","Aeropuerto Internacional Baikal","UUD","0000"
"1211","Aeropuerto de Talagi","ARH","0000"
"1212","Aeropuerto de Pulkovo","LED","0000"
"1213","Aeropuerto de Murmansk Airport","MMK","0000"
"1214","Aeropuerto de Jrabrovo","KGD","0000"
"1215","Aeropuerto de Abakan","ABA","0000"
"1216","Aeropuerto de Kemerovo","KEJ","0000"
"1217","Aeropuerto de Yemelyanovo","KJA","0000"
"1218","Aeropuerto de Tolmachevo","OVB","0000"
"1219","Aeropuerto de Omsk-Tsentralny","OMS","0000"
"1220","Aeropuerto de Anapa Vityazevo","AAQ","0000"
"1221","Aeropuerto Internacional Krasnodar Pashkovsky","KRR","0000"
"1222","Aeropuerto de Grozny North","GRV","0000"
"1223","Aeropuerto de Mineralnyye Vody","MRV","0000"
"1224","Aeropuerto de Stavropol Shpakovskoye","STW","0000"
"1225","Aeropuerto Internacional Platov","ROV","0000"
"1226","Aeropuerto de Rostov-on-Don","RVI","0000"
"1227","Aeropuerto Internacional Sochi","AER","0000"
"1228","Aeropuerto Internacional Volgogrado","VOG","0000"
"1229","Aeropuerto de Chelyabinsk Balandino","CEK","0000"
"1230","Aeropuerto Internacional Magnitogorsk","MQF","0000"
"1231","Aeropuerto de Khanty Mansiysk","HMA","0000"
"1232","Aeropuerto de Nizhnevartovsk","NJC","0000"
"1233","Aeropuerto de Bolshoye Savino","PEE","0000"
"1234","Aeropuerto de Surgut","SGC","0000"
"1235","Aeropuerto de Koltsovo","SVX","0000"
"1236","Aeropuerto Internacional Roschino","TJM","0000"
"1237","Aeropuerto de Ivanovo South","IWA","0000"
"1238","Aeropuerto Internacional Zhukovsky","ZIA","0000"
"1239","Aeropuerto Internacional Domodedovo","DME","0000"
"1240","Aeropuerto Internacional Sheremetyevo","SVO","0000"
"1241","Aeropuerto Internacional Ostafyevo","OSF","0000"
"1242","Base Aérea Chkalovskiy","CKL","0000"
"1243","Aeropuerto Internacional Belgorod","EGO","0000"
"1244","Aeropuerto Internacional Voronezh","VOZ","0000"
"1245","Aeropuerto Internacional Vnukovo","VKO","0000"
"1246","Aeropuerto Internacional Nizhny Novgorod Strigino","GOJ","0000"
"1247","Aeropuerto Internacional Kazan","KZN","0000"
"1248","Aeropuerto de Begishevo","NBC","0000"
"1249","Aeropuerto de Uliánovsk Noreste","ULY","0000"
"1250","Aeropuerto de Orenburg Central","REN","0000"
"1251","Aeropuerto de Orsk","OSW","0000"
"1252","Aeropuerto Internacional Ufa","UFA","0000"
"1253","Aeropuerto Internacional Kurumoch","KUF","0000"
"1254","Aeropuerto Internacional Kigali","KGL","0000"
"1255","Aeropuerto Internacional Rey Fahd","DMM","0000"
"1256","Aeropuerto Internacional Dhahran","DHA","0000"
"1257","Aeropuerto de Ha'il","HAS","0000"
"1258","Aeropuerto Internacional Rey Abdulaziz","JED","0000"
"1259","Base Aérea de Rey Khaled","KMX","0000"
"1260","Aeropuerto Príncipe Mohammad Bin Abdulaziz","MED","0000"
"1261","Aeropuerto Internacional Rey Khaled","RUH","0000"
"1262","Base Aérea de Riyadh","XXN","0000"
"1263","Aeropuerto de Tabuk","TUU","0000"
"1264","Aeropuerto Ta’if Regional","TIF","0000"
"1265","Aeropuerto Príncipe Abdulmohsin Bin Abdulaziz","YNB","0000"
"1266","Aeropuerto Internacional Seychelles","SEZ","0000"
"1267","Aeropuerto de Nyala","UYL","0000"
"1268","Aeropuerto Internacional Juba","JUB","0000"
"1269","Aeropuerto Internacional Khartoum","KRT","0000"
"1270","Aeropuerto de Ronneby","RNB","0000"
"1271","Aeropuerto de Jönköping","JKG","0000"
"1272","Aeropuerto de Lidköping-Hovby","LDK","0000"
"1273","Aeropuerto de Ciudad de Gotemburgo","GSE","0000"
"1274","Aeropuerto de Skövde","KVB","0000"
"1275","Aeropuerto de Trollhättan-Vänersborg","THN","0000"
"1276","Aeropuerto de Mora","MXX","0000"
"1277","Aeropuerto de Stockholm Skavsta","NYO","0000"
"1278","Aeropuerto de Kristianstad","KID","0000"
"1279","Aeropuerto de Oskarshamn","OSK","0000"
"1280","Aeropuerto de Kalmar","KLR","0000"
"1281","Aeropuerto de Malmö Sturup","MMX","0000"
"1282","Aeropuerto de Halmstad","HAD","0000"
"1283","Aeropuerto de Växjö Kronoberg","VXO","0000"
"1284","Aeropuerto de Sveg","EVG","0000"
"1285","Aeropuerto de Gällivare","GEV","0000"
"1286","Aeropuerto de Kramfors Sollefteå","KRF","0000"
"1287","Aeropuerto de Lycksele","LYC","0000"
"1288","Aeropuerto de Sundsvall-Härnösand","SDL","0000"
"1289","Aeropuerto de Örnsköldsvik","OER","0000"
"1290","Aeropuerto de Kiruna","KRN","0000"
"1291","Aeropuerto de Skellefteå","SFT","0000"
"1292","Aeropuerto de Umeå","UME","0000"
"1293","Aeropuerto de Vilhelmina","VHM","0000"
"1294","Aeropuerto de Arvidsjaur","AJR","0000"
"1295","Aeropuerto de Åre Östersund","OSD","0000"
"1296","Aeropuerto de Örebro","ORB","0000"
"1297","Aeropuerto de Hagfors","HFS","0000"
"1298","Aeropuerto de Karlstad","KSD","0000"
"1299","Aeropuerto de Stockholm Västerås","VST","0000"
"1300","Aeropuerto de Luleå","LLA","0000"
"1301","Aeropuerto de Stockholm-Arlanda","ARN","0000"
"1302","Aeropuerto de Stockholm-Bromma","BMA","0000"
"1303","Aeropuerto de Borlange","BLE","0000"
"1304","Aeropuerto de Hultsfred","HLF","0000"
"1305","Aeropuerto de Ciudad de Linköping","LPI","0000"
"1306","Aeropuerto de Norrköping","NRK","0000"
"1307","Aeropuerto de Visby","VBY","0000"
"1308","Aeropuerto de Ängelholm-Helsingborg","AGH","0000"
"1309","Aeropuerto de Pajala","PJA","0000"
"1310","Aeropuerto de Hemavan","HMV","0000"
"1311","Aeropuerto de Singapur Changi","SIN","0000"
"1312","Aeropuerto de Liubliana Joze Pucnik","LJU","0000"
"1313","Aeropuerto de Maribor","MBX","0000"
"1314","Aeropuerto de M. R. Štefánik","BTS","0000"
"1315","Aeropuerto de Košice","KSC","0000"
"1316","Aeropuerto de Pieštany","PZY","0000"
"1317","Aeropuerto de Sliac","SLD","0000"
"1318","Aeropuerto de Poprad-Tatry","TAT","0000"
"1319","Aeropuerto de Žilina","ILZ","0000"
"1320","Aeropuerto Internacional Lungi","FNA","0000"
"1321","Aeropuerto Internacional Blaise Diagne","DSS","0000"
"1322","Aeropuerto de Cap Skirring","CSK","0000"
"1323","Aeropuerto Internacional Léopold Sédar Senghor","DKR","0000"
"1324","Aeropuerto de Saint Louis","XLS","0000"
"1325","Aeropuerto de Tambacounda","TUD","0000"
"1326","Aeropuerto Internacional Aden Adde","MGQ","0000"
"1327","Aeropuerto Internacional Johan Adolf Pengel","PBM","0000"
"1328","Aeropuerto de Zorg en Hoop","ORG","0000"
"1329","Aeropuerto Internacional São Tomé","TMS","0000"
"1330","Aeropuerto Internacional Monseñor Óscar Arnulfo Romero","SAL","0000"
"1331","Aeropuerto Internacional Ilopango","ILS","0000"
"1332","Aeropuerto Internacional Damascus","DAM","0000"
"1333","Aeropuerto Internacional Bassel Al-Assad","LTK","0000"
"1334","Aeropuerto de Matsapha","MTS","0000"
"1335","Aeropuerto de Providenciales","PLS","0000"
"1336","Aeropuerto Internacional N'Djamena","NDJ","0000"
"1337","Aeropuerto Internacional Lomé-Tokoin","LFW","0000"
"1338","Aeropuerto Internacional Don Mueang","DMK","0000"
"1339","Aeropuerto de Suvarnabhumi","BKK","0000"
"1340","Aeropuerto de Krabi","KBV","0000"
"1341","Aeropuerto Internacional Phuket","HKT","0000"
"1342","Aeropuerto de Dushanbe","DYU","0000"
"1343","Aeropuerto de Cakung","BCH","0000"
"1344","Aeropuerto Internacional Ashgabat","ASB","0000"
"1345","Aeropuerto de Turkmenbashi","KRW","0000"
"1346","Aeropuerto de Mary","MYP","0000"
"1347","Aeropuerto de Turkmenabat","CRZ","0000"
"1348","Aeropuerto de Tabarka 7 de Noviembre","TBJ","0000"
"1349","Aeropuerto Internacional Monastir Habib Bourguiba","MIR","0000"
"1350","Aeropuerto Internacional Enfidha - Hammamet","NBE","0000"
"1351","Aeropuerto Internacional Tunis Carthage","TUN","0000"
"1352","Aeropuerto Internacional Djerba Zarzis","DJE","0000"
"1353","Aeropuerto de El Borma","EBM","0000"
"1354","Aeropuerto Internacional Sfax Thyna","SFA","0000"
"1355","Aeropuerto Internacional Tozeur Nefta","TOE","0000"
"1356","Aeropuerto Internacional Esenboga","ESB","0000"
"1357","Base Aérea Etimesgut","ANK","0000"
"1358","Aeropuerto de Adana","ADA","0000"
"1359","Base Aérea Incirlik","UAB","0000"
"1360","Aeropuerto Internacional Antalya","AYT","0000"
"1361","Aeropuerto Internacional Gaziantep","GZT","0000"
"1362","Aeropuerto de Kastamonu","KFS","0000"
"1363","Aeropuerto de Konya","KYA","0000"
"1364","Aeropuerto de Amasya Merzifon","MZH","0000"
"1365","Aeropuerto de Sivas Nuri Demirag","VAS","0000"
"1366","Aeropuerto de Zonguldak","ONQ","0000"
"1367","Aeropuerto de Malatya Erhaç","MLX","0000"
"1368","Aeropuerto de Kayseri Erkilet","ASR","0000"
"1369","Aeropuerto de Tokat","TJK","0000"
"1370","Aeropuerto de Çardak","DNZ","0000"
"1371","Aeropuerto de Nevsehir Kapadokya","NAV","0000"
"1372","Aeropuerto Internacional Atatürk","ISL","0000"
"1373","Aeropuerto de Çildir","CII","0000"
"1374","Aeropuerto de Balikesir Merkez","BZI","0000"
"1375","Aeropuerto de Çanakkale","CKZ","0000"
"1376","Aeropuerto Internacional Adnan Menderes","ADB","0000"
"1377","Base Aérea Çigli","IGL","0000"
"1378","Aeropuerto de Usak","USQ","0000"
"1379","Aeropuerto de Cengiz Topel","KCO","0000"
"1380","Aeropuerto de Bursa Yenisehir","YEI","0000"
"1381","Aeropuerto Internacional Dalaman","DLM","0000"
"1382","Aeropuerto de Tekirdag Çorlu","TEQ","0000"
"1383","Aeropuerto de Imsik","BXN","0000"
"1384","Aeropuerto de Anadolu","AOE","0000"
"1385","Aeropuerto de Zafer","KZR","0000"
"1386","Aeropuerto de Elazig","EZS","0000"
"1387","Aeropuerto de Ordu Giresun","OGU","0000"
"1388","Aeropuerto de Diyarbakir","DIY","0000"
"1389","Aeropuerto de Erzincan","ERC","0000"
"1390","Aeropuerto Internacional Erzurum","ERZ","0000"
"1391","Aeropuerto de Kars","KSY","0000"
"1392","Aeropuerto Internacional Trabzon","TZX","0000"
"1393","Aeropuerto de Sanliurfa","SFQ","0000"
"1394","Aeropuerto de Van Ferit Melen","VAN","0000"
"1395","Aeropuerto de Batman","BAL","0000"
"1396","Aeropuerto de Mus","MSR","0000"
"1397","Aeropuerto de Siirt","SXZ","0000"
"1398","Aeropuerto de Sinop","NOP","0000"
"1399","Aeropuerto de Kahramanmaras","KCM","0000"
"1400","Aeropuerto de Agri","AJI","0000"
"1401","Aeropuerto de Adiyaman","ADF","0000"
"1402","Aeropuerto de Mardin","MQM","0000"
"1403","Aeropuerto de Sanliurfa GAP","GNY","0000"
"1404","Aeropuerto de Igdir","IGD","0000"
"1405","Aeropuerto de Bingöl Çeltiksuyu","BGG","0000"
"1406","Aeropuerto de Sirnak Serafettin Elçi","NKT","0000"
"1407","Aeropuerto de Hakkari Yüksekova","YKO","0000"
"1408","Aeropuerto de Hatay","HTY","0000"
"1409","Aeropuerto Internacional Süleyman Demirel","ISE","0000"
"1410","Aeropuerto de Balikesir Körfez","EDO","0000"
"1411","Aeropuerto Internacional Milas Bodrum","BJV","0000"
"1412","Aeropuerto de Gazipasa","GZP","0000"
"1413","Aeropuerto de Samsun Çarsamba","SZF","0000"
"1414","Aeropuerto Internacional Sabiha Gökçen","SAW","0000"
"1415","Aeropuerto de Imroz","GKD","0000"
"1416","Aeropuerto de Estambul","IST","0000"
"1417","Aeropuerto de Tobago-Crown Point","TAB","0000"
"1418","Aeropuerto Internacional Piarco","POS","0000"
"1419","Aeropuerto de Taipei Songshan","TSA","0000"
"1420","Aeropuerto Internacional Taiwan Taoyuan","TPE","0000"
"1421","Aeropuerto de Arusha","ARK","0000"
"1422","Aeropuerto Internacional Julius Nyerere","DAR","0000"
"1423","Aeropuerto Internacional Kilimanjaro","JRO","0000"
"1424","Aeropuerto de Mwanza","MWZ","0000"
"1425","Aeropuerto de Seronera","SEU","0000"
"1426","Aeropuerto Internacional Abeid Amani Karume","ZNZ","0000"
"1427","Aeropuerto Internacional Boryspil","KBP","0000"
"1428","Aeropuerto Internacional Donetsk","DOK","0000"
"1429","Aeropuerto Internacional Dnipropetrovsk","DNK","0000"
"1430","Aeropuerto Internacional Zaporizhia","OZH","0000"
"1431","Aeropuerto Internacional Simferopol","SIP","0000"
"1432","Aeropuerto Internacional Járkov","HRK","0000"
"1433","Aeropuerto Internacional Kiev Zhuliany","IEV","0000"
"1434","Aeropuerto de Hostomel","GML","0000"
"1435","Aeropuerto Internacional Ivano-Frankivsk","IFO","0000"
"1436","Aeropuerto Internacional Lviv","LWO","0000"
"1437","Aeropuerto Internacional Chernivtsi","CWC","0000"
"1438","Aeropuerto Internacional Kherson","KHE","0000"
"1439","Aeropuerto Internacional Odessa","ODS","0000"
"1440","Aeropuerto Internacional Entebbe","EBB","0000"
"1441","Aeropuerto Ocean Reef Club","OCA","0000"
"1442","Aeropuerto Internacional Albuquerque","ABQ","0000"
"1443","Aeropuerto Nantucket Memorial","ACK","0000"
"1444","Aeropuerto de Addison","ADS","0000"
"1445","Base Aérea Joint Base Andrews","ADW","0000"
"1446","Aeropuerto de Fort Worth Alliance","AFW","0000"
"1447","Aeropuerto Internacional Akron Fulton","AKC","0000"
"1448","Aeropuerto Internacional Albany","ALB","0000"
"1449","Aeropuerto Regional de Alamogordo White Sands","ALM","0000"
"1450","Aeropuerto de Centennial","APA","0000"
"1451","Aeropuerto Municipal de Naples","APF","0000"
"1452","Base Aérea Phillips","APG","0000"
"1453","Aeropuerto de Aspen-Pitkin County","ASE","0000"
"1454","Aeropuerto Internacional Hartsfield Jackson Atlanta","ATL","0000"
"1455","Aeropuerto Internacional Austin Bergstrom","AUS","0000"
"1456","Aeropuerto Regional de Asheville","AVL","0000"
"1457","Aeropuerto Regional de Westfield-Barnes","BAF","0000"
"1458","Aeropuerto de Boca Raton","BCT","0000"
"1459","Aeropuerto Internacional Baudette","BDE","0000"
"1460","Aeropuerto Internacional Bradley","BDL","0000"
"1461","Aeropuerto de Laurence G Hanscom Field","BED","0000"
"1462","Aeropuerto Internacional Boeing Field King County","BFI","0000"
"1463","Aeropuerto Internacional Bangor","BGR","0000"
"1464","Aeropuerto Internacional Birmingham-Shuttlesworth","BHM","0000"
"1465","Aeropuerto de Monmouth Executive","BLM","0000"
"1466","Aeropuerto Internacional Nashville","BNA","0000"
"1467","Aeropuerto de Boise Air Terminal","BOI","0000"
"1468","Aeropuerto Internacional General Edward Lawrence Logan","BOS","0000"
"1469","Aeropuerto de Bob Hope","BUR","0000"
"1470","Aeropuerto Internacional Baltimore/Washington Thurgood Marshall","BWI","0000"
"1471","Aeropuerto de Charlottesville Albemarle","CHO","0000"
"1472","Aeropuerto Internacional Charleston","CHS","0000"
"1473","Aeropuerto Internacional Cleveland Hopkins","CLE","0000"
"1474","Aeropuerto Internacional Charlotte Douglas","CLT","0000"
"1475","Aeropuerto Internacional John Glenn Columbus","CMH","0000"
"1476","Aeropuerto Municipal de Ciudad de Colorado Springs","COS","0000"
"1477","Aeropuerto de Compton Woodley","CPM","0000"
"1478","Aeropuerto Internacional Cincinnati Northern Kentucky","CVG","0000"
"1479","Aeropuerto Internacional Daytona Beach","DAB","0000"
"1480","Aeropuerto de Dallas Love Field","DAL","0000"
"1481","Aeropuerto Internacional James M Cox Dayton","DAY","0000"
"1482","Aeropuerto Nacional Ronald Reagan Washington","DCA","0000"
"1483","Aeropuerto de Decatur","DEC","0000"
"1484","Aeropuerto Internacional Denver","DEN","0000"
"1485","Aeropuerto Internacional Dallas Fort Worth","DFW","0000"
"1486","Aeropuerto Internacional Duluth","DLH","0000"
"1487","Aeropuerto de Sedalia Memorial","DMO","0000"
"1488","Base Aérea Dover","DOV","0000"
"1489","Aeropuerto Internacional Des Moines","DSM","0000"
"1490","Aeropuerto de Detroit Metropolitan Wayne County","DTW","0000"
"1491","Aeropuerto Regional Elizabeth City","KECG","0000"
"1492","Aeropuerto Regional Eagle County","EGE","0000"
"1493","Aeropuerto Regional Elmira Corning","ELM","0000"
"1494","Aeropuerto Internacional El Paso","ELP","0000"
"1495","Aeropuerto Regional Kenosha","ENW","0000"
"1496","Aeropuerto Regional New Bedford","EWB","0000"
"1497","Aeropuerto de Newton City-County","EWK","0000"
"1498","Aeropuerto Internacional Newark Liberty","EWR","0000"
"1499","Aeropuerto Internacional Key West","EYW","0000"
"1500","Aeropuerto Internacional Hector","FAR","0000"
"1501","Base Aérea Wright-Patterson","FFO","0000"
"1502","Aeropuerto Internacional Fort Lauderdale Hollywood","FLL","0000"
"1503","Aeropuerto de Francis S Gabreski","FOK","0000"
"1504","Aeropuerto de Republic","FRG","0000"
"1505","Aeropuerto Internacional Fort Worth Meacham","FTW","0000"
"1506","Aeropuerto de Fort Lauderdale Executive","FXE","0000"
"1507","Aeropuerto de Groton New London","GON","0000"
"1508","Aeropuerto Internacional Gulfport Biloxi","GPT","0000"
"1509","Aeropuerto Regional de Killeen–Fort Hood","GRK","0000"
"1510","Aeropuerto de Gerald R. Ford","GRR","0000"
"1511","Base Aérea Seymour Johnson","GSB","0000"
"1512","Aeropuerto Internacional Piedmont Triad","GSO","0000"
"1513","Aeropuerto de Greenville Spartanburg","GSP","0000"
"1514","Aeropuerto Municial Hattiesburg Bobby L Chain","HBG","0000"
"1515","Aeropuerto Regional de Manassas","MNZ","0000"
"1516","Aeropuerto de Hartford Brainard","HFD","0000"
"1517","Aeropuerto Regional de Hagerstown","HGR","0000"
"1518","Aeropuerto de Portland Hillsboro","HIO","0000"
"1519","Base Aérea Fort Campbell","HOP","0000"
"1520","Aeropuerto de William P Hobby","HOU","0000"
"1521","Aeropuerto de Westchester County","HPN","0000"
"1522","Aeropuerto Internacional Huntsville Carl T Jones Field","HSV","0000"
"1523","Base Aérea Redstone","HUA","0000"
"1524","Aeropuerto Municipal Barnstable","HYA","0000"
"1525","Aeropuerto Internacional Washington Dulles","IAD","0000"
"1526","Aeropuerto Internacional Niagara Falls","IAG","0000"
"1527","Aeropuerto Internacional George Bush Houston","IAH","0000"
"1528","Aeropuerto Nacional de Wichita Eisenhower","ICT","0000"
"1529","Aeropuerto de Kingman","IGM","0000"
"1530","Aeropuerto de New Castle","ILG","0000"
"1531","Aeropuerto Internacional Wilmington","ILM","0000"
"1532","Aeródromo Wilmington","ILN","0000"
"1533","Aeropuerto Internacional Indianapolis","IND","0000"
"1534","Aeropuerto de Smith Reynolds","INT","0000"
"1535","Aeropuerto Regional Kinston Jetport At Stallings Field","ISO","0000"
"1536","Aeropuerto de Long Island Mac Arthur","ISP","0000"
"1537","Aeropuerto Internacional Jacksonville","JAX","0000"
"1538","Aeropuerto Internacional John F Kennedy","JFK","0000"
"1539","Aeropuerto Internacional McCarran","LAS","0000"
"1540","Aeropuerto Internacional Los Angeles","LAX","0000"
"1541","Aeropuerto Internacional Rickenbacker","LCK","0000"
"1542","Aeropuerto Internacional Leesburg","LEE","0000"
"1543","Aeropuerto de La Guardia","LGA","0000"
"1544","Aeropuerto de Long Beach","LGB","0000"
"1545","Aeropuerto de Bowman Field","LOU","0000"
"1546","Base Aérea Lawson","LSF","0000"
"1547","Aeropuerto Internacional Kansas City","MCI","0000"
"1548","Aeropuerto Internacional Orlando","MCO","0000"
"1549","Aeropuerto Internacional Chicago Midway","MDW","0000"
"1550","Aeropuerto Internacional Memphis","MEM","0000"
"1551","Base Aérea Dobbins","MGE","0000"
"1552","Aeropuerto Internacional Miami","MIA","0000"
"1553","Aeropuerto Internacional General Mitchell","MKE","0000"
"1554","Aeropuerto Internacional Melbourne","MLB","0000"
"1555","Aeropuerto Internacional Quad City","MLI","0000"
"1556","Aeropuerto Municipal Morristown","MMU","0000"
"1557","Aeropuerto de Monterey Peninsula","MRY","0000"
"1558","Aeropuerto Internacional Minneapolis-St Paul/Wold-Chamberlain","MSP","0000"
"1559","Aeropuerto Internacional Louis Armstrong New Orleans","MSY","0000"
"1560","Aeropuerto de Martin State","MTN","0000"
"1561","Aeropuerto de Lakehurst Maxfield Field","NEL","0000"
"1562","Aeropuerto de Lakefront","NEW","0000"
"1563","Estación Aéreo Naval Norfolk (Chambers Field)","NGU","0000"
"1564","Estación Aérea Miramar Marine Corps Air Station - Mitscher Field","NKX","0000"
"1565","Estación Aéreo Naval Key West","NQX","0000"
"1566","Aeródromo Moffett Federal","NUQ","0000"
"1567","Estación Aéreo Naval North Island Naval Air Station-Halsey Field","NZY","0000"
"1568","Aeropuerto Internacional Metropolitan Oakland","OAK","0000"
"1569","Aeródromo Eppley","OMA","0000"
"1570","Aeropuerto Internacional Ontario","ONT","0000"
"1571","Aeropuerto Opa-locka Executive","OPF","0000"
"1572","Aeropuerto Quonset State","NCO","0000"
"1573","Aeropuerto Internacional Chicago O'Hare","ORD","0000"
"1574","Aeropuerto Internacional Norfolk","ORF","0000"
"1575","Aeropuerto Orlando Executive","ORL","0000"
"1576","Aeropuerto Snohomish County (Paine Field)","PAE","0000"
"1577","Aeropuerto Internacional Palm Beach","PBI","0000"
"1578","Aeropuerto DeKalb Peachtree","PDK","0000"
"1579","Aeropuerto Internacional Portland","PDX","0000"
"1580","Aeropuerto Internacional Philadelphia","PHL","0000"
"1581","Aeropuerto Internacional Phoenix Sky Harbor","PHX","0000"
"1582","Aeropuerto Internacional Pittsburgh","PIT","0000"
"1583","Aeropuerto Northeast Philadelphia","PNE","0000"
"1584","Aeropuerto Internacional Portsmouth at Pease","PSM","0000"
"1585","Aeropuerto Theodore Francis Green State","PVD","0000"
"1586","Aeropuerto Internacional Portland Jetport","PWM","0000"
"1587","Aeropuerto Internacional Raleigh Durham","RDU","0000"
"1588","Aeropuerto Internacional Chicago Rockford","RFD","0000"
"1589","Aeropuerto Internacional Greater Rochester","ROC","0000"
"1590","Aeropuerto Municipal Rogers","ROG","0000"
"1591","Aeropuerto Internacional Rochester","RST","0000"
"1592","Aeropuerto Internacional Southwest Florida","RSW","0000"
"1593","Aeropuerto Internacional San Diego","SAN","0000"
"1594","Aeropuerto Internacional San Antonio","SAT","0000"
"1595","Aeropuerto Internacional Savannah Hilton Head","SAV","0000"
"1596","Aeropuerto Internacional Sawyer","MQT","0000"
"1597","Aeropuerto Municipal Santa Barbara","SBA","0000"
"1598","Aeropuerto Internacional Louisville Standiford Field","SDF","0000"
"1599","Aeropuerto Internacional Seattle Tacoma","SEA","0000"
"1600","Aeropuerto Internacional Orlando Sanford","SFB","0000"
"1601","Aeropuerto Internacional San Francisco","SFO","0000"
"1602","Aeropuerto Regional Sugar Land","SGR","0000"
"1603","Aeropuerto Internacional Norman Y. Mineta San Jose","SJC","0000"
"1604","Aeropuerto Internacional Salt Lake City","SLC","0000"
"1605","Aeropuerto Internacional Sarasota Bradenton","SRQ","0000"
"1606","Aeropuerto Malcolm McKinnon","SSI","0000"
"1607","Aeropuerto Internacional St Louis Lambert","STL","0000"
"1608","Aeropuerto Spirit of St Louis","SUS","0000"
"1609","Base Aérea Travis","SUU","0000"
"1610","Base Aérea Hunter","SVN","0000"
"1611","Aeropuerto Internacional Stewart","SWF","0000"
"1612","Aeropuerto Internacional Syracuse Hancock","SYR","0000"
"1613","Aeropuerto Teterboro","TEB","0000"
"1614","Base Aérea Tinker","TIK","0000"
"1615","Aeropuerto Regional Space Coast","TIX","0000"
"1616","Aeropuerto Kendall-Tamiami Executive","TMB","0000"
"1617","Aeropuerto Toledo Express","TOL","0000"
"1618","Aeropuerto Internacional Tampa","TPA","0000"
"1619","Aeropuerto Municipal de Trenton","TRX","0000"
"1620","Aeropuerto Trenton Mercer","TTN","0000"
"1621","Aeropuerto Internacional Tulsa","TUL","0000"
"1622","Aeropuerto Internacional Tucson","TUS","0000"
"1623","Base Aérea Vandenberg","VBG","0000"
"1624","Aeropuerto Southern California Logistics","VCV","0000"
"1625","Aeropuerto Regional de Valdosta","VLD","0000"
"1626","Aeropuerto Van Nuys","VNY","0000"
"1627","Base Aérea Mc Guire","WRI","0000"
"1628","Aeropuerto Regional Northwest Arkansas","XNA","0000"
"1629","Aeropuerto Willow Run","YIP","0000"
"1630","Base Aérea Elmendorf","EDF","0000"
"1631","Aeropuerto Internacional Fairbanks","FAI","0000"
"1632","Aeropuerto Merrill Field","MRI","0000"
"1633","Aeropuerto Internacional Ted Stevens Anchorage","ANC","0000"
"1634","Aeropuerto Cyril E. King","STT","0000"
"1635","Aeropuerto Internacional Santa Bernardina","DZO","0000"
"1636","Aeropuerto Internacional Capitan Corbeta CA Curbelo","PDP","0000"
"1637","Aeropuerto Internacional Carrasco General C L Berisso","MVD","0000"
"1638","Aeropuerto de Urgench","UGC","0000"
"1639","Aeropuerto de Navoi","NVI","0000"
"1640","Aeropuerto Internacional Tashkent","TAS","0000"
"1641","Aeropuerto de Canouan","CIW","0000"
"1642","Aeropuerto Internacional General José Antonio Anzoategui","BLA","0000"
"1643","Aeropuerto Internacional La Chinita","MAR","0000"
"1644","Aeropuerto Internacional Del Caribe Santiago Mariño","PMV","0000"
"1645","Aeropuerto Internacional Simón Bolívar","CCS","0000"
"1646","Aeropuerto de Maturín","MUN","0000"
"1647","Aeropuerto Internacional General Manuel Carlos Piar","PZO","0000"
"1648","Aeropuerto Internacional Arturo Michelena","VLN","0000"
"1649","Aeropuerto Internacional Terrance B. Lettsome","EIS","0000"
"1650","Aeropuerto Internacional Noi Bai","HAN","0000"
"1651","Aeropuerto Internacional Tan Son Nhat","SGN","0000"
"1652","Aeropuerto Internacional Hodeidah","HOD","0000"
"1653","Aeropuerto Internacional Sana'a","SAH","0000"
"1654","Aeropuerto Internacional Bram Fischer","BFN","0000"
"1655","Aeropuerto Internacional Cape Town","CPT","0000"
"1656","Aeropuerto de George","GRJ","0000"
"1657","Aeropuerto de Rand","QRA","0000"
"1658","Aeropuerto Internacional Kruger Mpumalanga","MQP","0000"
"1659","Aeropuerto de Lanseria","HLA","0000"
"1660","Aeropuerto Internacional Rey Shaka","DUR","0000"
"1661","Aeropuerto de Ladysmith","LAY","0000"
"1662","Aeropuerto Internacional Mmabatho","MBD","0000"
"1663","Aeropuerto Internacional OR Tambo","JNB","0000"
"1664","Aeropuerto de Port Elizabeth","PLZ","0000"
"1665","Aeropuerto Internacional Pilanesberg","NTY","0000"
"1666","Aeropuerto Internacional Polokwane International Airport","PTG","0000"
"1667","Aeropuerto de Pierre Van Ryneveld","UTN","0000"
"1668","Base Aérea Waterkloof","WKF","0000"
"1669","Aeropuerto Internacional Harry Mwanga Nkumbula","LVI","0000"
"1670","Aeropuerto Internacional Kenneth Kaunda Lusaka","LUN","0000"
"1671","Aeropuerto de Mfuwe","MFU","0000"
"1672","Aeropuerto Internacional Simon Mwansa Kapwepwe","NLA","0000"
"1673","Aeropuerto de Buffalo Range","BFO","0000"
"1674","Aeropuerto Internacional Victoria Falls","VFA","0000"
"1675","Aeropuerto Internacional Joshua Mqabuko Nkomo","BUQ","0000"
"1676","Aeropuerto Internacional Robert Gabriel Mugabe","HRE","0000"
